rho,v0,seed,N,L,status,final_step,n_samples,mean_A,mean_K,mean_B,mean_f_giant,mean_n_clusters,mean_mean_size,mean_mean_rg,mean_mean_anisotropy,mean_mean_lifetime,mean_mean_com_speed
0.1,0.01,1,180,42.42640687119285,died,3500,34,0.006862745098039214,0.010424381932283818,0.04169000933706816,0.030392156862745094,104.73529411764706,1.7303111755585756,0.24752088729355815,0.9451046436320295,59.843133956258725,0.017770237565037796
0.1,0.01,2,180,42.42640687119285,died,3500,34,0.010317460317460317,0.012313048284418746,0.05485527544351073,0.022875816993464054,109.44117647058823,1.6495568259366156,0.23957853108434582,0.9768292622703538,58.5345411338705,0.01941575294708933
0.1,0.01,6,180,42.42640687119285,died,3500,34,0.010270774976657328,0.010944719332931842,0.049066293183940235,0.024183006535947717,110.05882352941177,1.6403821374765484,0.2321783733400928,0.9609460950834202,59.12325453872193,0.01685747007270167
0.1,0.01,7,180,42.42640687119285,died,3500,34,0.007516339869281045,0.010476142159078211,0.0407563025210084,0.02826797385620915,109.32352941176471,1.652519620424464,0.2148988250549748,0.9458176510745944,59.92605724465598,0.014113059144446063
0.1,0.01,3,180,42.42640687119285,died,3500,34,0.005835667600373482,0.010275323054849008,0.0399626517273576,0.02042483660130719,106.47058823529412,1.698483516613738,0.23385180835360628,0.9829138188975817,59.12144442603101,0.015373923387752498
0.1,0.01,0,180,42.42640687119285,died,4000,39,0.0060236060236060224,0.009836345662577243,0.040089540089540084,0.02834757834757834,102.94871794871794,1.7571890695800356,0.24896337561186344,0.9557919099111987,66.76853932448093,0.01652323986772618
0.1,0.01,5,180,42.42640687119285,died,5000,49,0.009037900874635567,0.008244849004971962,0.04007126660187884,0.032879818594104306,92.89795918367346,1.948226646076509,0.24625553046916027,0.9441826381283952,83.67280842163746,0.011257269469174736
0.1,0.01,4,180,42.42640687119285,died,4500,44,0.012409812409812405,0.013647557904813042,0.06594516594516593,0.03333333333333333,106.88636363636364,1.6902636229175159,0.2439710662126142,0.9468051197364885,72.81294197108978,0.02178989155368744
0.1,0.01,10,180,42.42640687119285,died,3000,29,0.01319102353585112,0.01504269522083848,0.06611932129173508,0.03505747126436781,107.27586206896552,1.6833733905419481,0.24011245704077744,0.9514442564130359,50.56232519021263,0.021881327021197064
0.1,0.01,9,180,42.42640687119285,died,3500,34,0.014332399626517271,0.01589108514598267,0.06970121381886087,0.03725490196078433,106.17647058823529,1.7042616582872956,0.24264891501379965,0.9466833847163221,58.178506095215795,0.022973244866735135
0.1,0.01,8,180,42.42640687119285,died,4000,39,0.009645909645909646,0.012778124462398902,0.0538054538054538,0.02165242165242166,111.43589743589743,1.621313902264137,0.23676912683120002,0.9797616824644316,66.7071030086487,0.02190216965585214
0.1,0.01,13,180,42.42640687119285,died,3500,34,0.00826330532212885,0.009576649980100932,0.041549953314659195,0.023366013071895425,109.23529411764706,1.6555649833274912,0.23820870097253485,0.9156210793445448,59.07058447583248,0.016193721702892214
0.1,0.01,11,180,42.42640687119285,died,4500,44,0.01349206349206349,0.013927756670539948,0.06612554112554112,0.034090909090909095,104.18181818181819,1.7334832136787093,0.2297894782376299,0.9580183084241466,75.5806149382012,0.01706829704548857
0.1,0.01,15,180,42.42640687119285,died,4000,39,0.010744810744810743,0.012091657400317772,0.05417175417175416,0.02293447293447294,108.43589743589743,1.666320745354912,0.23661758726299256,0.9771033857961305,66.57060143128543,0.018301720219931587
0.1,0.01,12,180,42.42640687119285,died,5500,54,0.009964726631393295,0.009823999369943508,0.046208112874779536,0.025411522633744847,107.03703703703704,1.6867668622216727,0.2391386046828183,0.9819805751083237,93.90400446108708,0.012396403255701979
0.1,0.01,16,180,42.42640687119285,died,3500,34,0.011858076563958916,0.009421548501973975,0.0492063492063492,0.03300653594771242,105.94117647058823,1.7060218058497614,0.23636220697881705,0.9290745259763709,59.66398685395884,0.015015967969431568
0.1,0.01,14,180,42.42640687119285,died,5500,54,0.010141093474426805,0.009425969452648255,0.043327454438565546,0.03127572016460906,104.0,1.7388718637753116,0.25354948485682316,0.9450550857406902,93.18452550579612,0.01602849549136668
0.1,0.01,18,180,42.42640687119285,died,4000,39,0.005982905982905982,0.009582090256978263,0.03386243386243386,0.023646723646723655,104.76923076923077,1.726953640510439,0.23893660649162654,0.9693022530660599,67.8876083894723,0.014880934028724396
0.1,0.01,17,180,42.42640687119285,died,4500,44,0.009704184704184703,0.011833795885276282,0.053463203463203456,0.030808080808080816,108.29545454545455,1.6690858787221325,0.23901085159428537,0.955810998593911,74.23065186180294,0.019617867320968388
0.1,0.01,19,180,42.42640687119285,died,4500,44,0.008369408369408367,0.011448265634260274,0.04577922077922078,0.029545454545454552,103.52272727272727,1.7483322370463257,0.2511716188133342,0.9576270137519214,74.54571649499168,0.020225336358458954
0.1,0.05,1,180,42.42640687119285,died,3500,34,0.009103641456582632,0.010869058038788062,0.04794584500466852,0.03153594771241831,99.26470588235294,1.8295223551183977,0.25292117299374195,0.9181761087872611,59.61202811286602,0.01865357033334411
0.1,0.05,2,180,42.42640687119285,died,3500,34,0.009290382819794583,0.011337183714998016,0.044491129785247434,0.02957516339869281,103.58823529411765,1.7482568747241982,0.2556657010867175,0.9733363208474222,58.89574783401734,0.01761453922756874
0.1,0.05,3,180,42.42640687119285,died,3500,34,0.008823529411764704,0.01045047105525553,0.04850606909430438,0.027287581699346405,104.70588235294117,1.7277640383624195,0.23538057763027886,0.9527772918720981,59.42461082092524,0.017852783556410446
0.1,0.05,0,180,42.42640687119285,died,5500,54,0.007671957671957671,0.007845088902733059,0.0385949441504997,0.02777777777777777,101.0,1.7883226750115797,0.24452326238612473,0.9258453925644998,91.62342746028216,0.013726208996302107
0.1,0.05,7,180,42.42640687119285,died,3000,29,0.010727969348659,0.011152285546185149,0.049096880131362874,0.0260536398467433,113.06896551724138,1.5955676973175026,0.2187927469769857,0.9655071555046947,51.62659412893977,0.015452448381669726
0.1,0.05,6,180,42.42640687119285,died,3500,34,0.010971055088702145,0.013620107177998539,0.057142857142857134,0.03300653594771242,101.26470588235294,1.7901212343106059,0.2509281145752946,0.9289763721856885,57.89401499100647,0.022528529167886276
0.1,0.05,4,180,42.42640687119285,died,4500,44,0.01284271284271284,0.014596267382140638,0.06360028860028859,0.025252525252525245,104.1590909090909,1.7357062571168156,0.24902155838675014,0.9607936214477089,74.2499171151259,0.024011046704453285
0.1,0.05,5,180,42.42640687119285,died,3500,34,0.014285714285714284,0.013991486892660403,0.06647992530345471,0.032679738562091505,98.11764705882354,1.8444625783553523,0.24435965352151304,0.9632310990311145,57.355551655753274,0.023151829909233618
0.1,0.05,9,180,42.42640687119285,died,3500,34,0.013258636788048549,0.015823955912553218,0.07082166199813257,0.032679738562091505,105.1470588235294,1.7209346615949779,0.24149138323959196,0.9485103579387735,57.85134916758972,0.023348065489894175
0.1,0.05,8,180,42.42640687119285,died,4000,39,0.012087912087912085,0.012144951533734124,0.053846153846153835,0.02635327635327635,107.2051282051282,1.6878678228666,0.24081829750953113,0.9703317331503101,67.60025002529667,0.022881111946437067
0.1,0.05,13,180,42.42640687119285,died,2500,24,0.007275132275132275,0.011250174869247632,0.042460317460317455,0.02754629629629629,108.125,1.6745762510394606,0.2291725039328972,0.9665965617892617,43.386527161023764,0.015726384259424006
0.1,0.05,10,180,42.42640687119285,died,4000,39,0.013797313797313793,0.013140912198612686,0.06593406593406592,0.026923076923076925,107.84615384615384,1.6738160667765323,0.24506734349692344,0.9620282039975527,66.62116526076883,0.017394845915610503
0.1,0.05,12,180,42.42640687119285,died,4000,39,0.007814407814407813,0.010575131413133536,0.04802604802604801,0.03376068376068378,99.61538461538461,1.8225557148853573,0.24875119464453904,0.9273830033667636,67.55321535305939,0.016283688528839834
0.1,0.05,15,180,42.42640687119285,died,4000,39,0.009523809523809523,0.012140631900401815,0.04778184778184777,0.031339031339031355,109.23076923076923,1.6556576393663274,0.224517082363426,0.9436391265836892,67.0892807349788,0.02016852824381225
0.1,0.05,16,180,42.42640687119285,died,3500,34,0.012138188608776843,0.01199028694118342,0.057329598506069085,0.032679738562091505,105.20588235294117,1.7197738378653336,0.23282898054670764,0.9562813558416591,57.05274851005597,0.01912023017057222
0.1,0.05,11,180,42.42640687119285,died,5000,49,0.012860382248137348,0.011372383207145429,0.05503725299643666,0.031405895691609974,105.3061224489796,1.713790195181974,0.23937591503872152,0.9605241649930254,83.14850552924992,0.015585922805421206
0.1,0.05,14,180,42.42640687119285,died,5000,49,0.00745059928733398,0.009504216813037014,0.041982507288629727,0.03276643990929705,97.18367346938776,1.865054568281101,0.2508119627381778,0.921626912735326,82.87741127719282,0.013786765461312021
0.1,0.05,17,180,42.42640687119285,died,3500,34,0.008123249299719887,0.010915914843482975,0.04122315592903828,0.027124183006535945,109.44117647058823,1.6528693260141494,0.23000433973325476,0.9733881115424493,58.920653073441855,0.016932342058922113
0.1,0.05,18,180,42.42640687119285,died,3500,34,0.00606909430438842,0.009562568408903979,0.04047619047619047,0.03284313725490196,105.82352941176471,1.709921986354477,0.23710790353088573,0.9625023557393905,59.87410721778529,0.013868109681945684
0.1,0.05,19,180,42.42640687119285,died,4000,39,0.008302808302808301,0.011258400614727642,0.04875864875864875,0.02834757834757834,103.6923076923077,1.7452680633017605,0.24441597851313063,0.9702158327813544,65.58090812915133,0.01954657162667941
0.1,0.1,0,180,42.42640687119285,died,4500,44,0.006096681096681095,0.00782226478738108,0.03293650793650793,0.02777777777777777,100.97727272727273,1.7907160120760433,0.25099323584000743,0.9535969433145678,77.03096450973536,0.013853480960628932
0.1,0.1,1,180,42.42640687119285,died,3000,29,0.00749863163656267,0.011281988528847271,0.04833059660645867,0.02758620689655172,100.27586206896552,1.8115146798995052,0.24525120084567428,0.9538831947581815,52.02326589185487,0.018218106711189244
0.1,0.1,3,180,42.42640687119285,died,3500,34,0.007983193277310922,0.011272457575582852,0.04584500466853408,0.027450980392156862,107.1470588235294,1.6884859601650597,0.2365592436864403,0.9694996772529589,58.43982655968696,0.019191875986458
0.1,0.1,6,180,42.42640687119285,died,3000,29,0.012096332785987958,0.013247368816018148,0.05878489326765188,0.03218390804597701,96.72413793103448,1.8793723656562107,0.24464015236892742,0.8961892107900258,50.6377816482665,0.01824650560342902
0.1,0.1,2,180,42.42640687119285,died,4500,44,0.007720057720057719,0.010185750966349218,0.042496392496392484,0.03194444444444445,104.27272727272727,1.7345573072546947,0.2478056116812332,0.9232393747855254,74.59988336837411,0.01814399235671499
0.1,0.1,5,180,42.42640687119285,died,4500,44,0.013744588744588743,0.013635509098472899,0.073015873015873,0.03825757575757577,92.77272727272727,1.9545590130427213,0.24229521405924836,0.9043582070467268,74.49970737985127,0.01883072614560669
0.1,0.1,4,180,42.42640687119285,died,5500,54,0.013962375073486182,0.012663070348500461,0.05858318636096413,0.030246913580246906,99.55555555555556,1.8182784916953365,0.23935516233015577,0.9702706811812066,90.86662327983258,0.01867405414673662
0.1,0.1,9,180,42.42640687119285,died,3500,34,0.010830999066293182,0.01327320725822171,0.06176470588235293,0.038398692810457526,103.29411764705883,1.751089099214619,0.2421055249763532,0.9560656371973915,58.68261177205802,0.01879308685873482
0.1,0.1,8,180,42.42640687119285,died,4000,39,0.007733007733007731,0.009556549849138537,0.03915343915343915,0.025498575498575506,108.46153846153847,1.6656302401350138,0.23048155801097514,0.9391660487967567,69.15527291399384,0.012583232934102002
0.1,0.1,10,180,42.42640687119285,died,3500,34,0.010550887021475256,0.012776966591202867,0.05746965452847804,0.03398692810457517,101.58823529411765,1.7837501472978394,0.2540044954710646,0.9381197894242692,58.45811960783865,0.021346155188220355
0.1,0.1,7,180,42.42640687119285,died,4000,39,0.01115181115181115,0.0099545715069843,0.045299145299145284,0.025783475783475784,110.6923076923077,1.6323708929702287,0.22293769728778912,0.9784712888577317,67.95293095143295,0.016737642282267824
0.1,0.1,11,180,42.42640687119285,died,3500,34,0.011531279178338,0.01428049771407035,0.06470588235294115,0.03300653594771242,102.6470588235294,1.7632677399142513,0.23860619542454717,0.9779142291306071,58.94673069421194,0.021416004628427285
0.1,0.1,12,180,42.42640687119285,died,4000,39,0.014936914936914935,0.015146014383734464,0.07228327228327228,0.03133903133903132,110.64102564102564,1.6341800766685897,0.24357355455430124,0.9575562791046076,64.48358088489121,0.022702140820470694
0.1,0.1,14,180,42.42640687119285,died,4000,39,0.005494505494505493,0.00888480038627616,0.032763532763532756,0.030626780626780637,102.64102564102564,1.763716358878534,0.24788553222250662,0.941416279690643,69.3116459374801,0.016160224150939876
0.1,0.1,13,180,42.42640687119285,died,4000,39,0.006349206349206348,0.008588460776590623,0.03833943833943833,0.032478632478632495,102.07692307692308,1.7755630044985895,0.23057567673515125,0.9221706636841693,67.74439940676038,0.014076277526731245
0.1,0.1,17,180,42.42640687119285,died,3500,34,0.007983193277310924,0.011139917696335766,0.04719887955182072,0.03316993464052288,107.0,1.691756278307545,0.23198197898405204,0.9615117838326022,59.85968493517527,0.01810137176714614
0.1,0.1,15,180,42.42640687119285,died,4000,39,0.010175010175010173,0.011728159938416048,0.05124135124135123,0.03276353276353278,109.12820512820512,1.6568489057876497,0.24290165317606993,0.9516386028808403,66.27861824698131,0.02156930852125915
0.1,0.1,16,180,42.42640687119285,died,4000,39,0.007977207977207976,0.008709054757782766,0.03512413512413511,0.032478632478632495,104.58974358974359,1.730392604325683,0.234895421636339,0.9645307213794475,68.70780949763935,0.015247178568697537
0.1,0.1,18,180,42.42640687119285,died,4000,39,0.01347171347171347,0.012273034071855447,0.053113553113553105,0.021937321937321945,106.23076923076923,1.7028964751715763,0.23239931064559508,0.9812980759921655,64.54375508848516,0.020898222385768463
0.1,0.2,1,180,42.42640687119285,died,3000,29,0.009359605911330048,0.011443155904775142,0.04137931034482758,0.03218390804597701,101.37931034482759,1.7903283876888458,0.24855578249989987,0.9595985175730595,51.548205693664784,0.019441079983499247
0.1,0.2,0,180,42.42640687119285,died,4000,39,0.013105413105413105,0.014926745988490878,0.06385836385836384,0.026923076923076925,106.35897435897436,1.6981356155097103,0.2449295956600784,0.9538628175052077,63.60064308613397,0.025008334955662438
0.1,0.1,19,180,42.42640687119285,died,5000,49,0.008973113054745706,0.010026719751110741,0.046712018140589555,0.03242630385487528,98.79591836734694,1.8322240195339585,0.2622753164589672,0.9480991466603407,82.92813374434498,0.017062141374934687
0.1,0.2,3,180,42.42640687119285,died,3500,34,0.009103641456582632,0.011137470758208189,0.047712418300653585,0.027777777777777776,104.8529411764706,1.7258807274879557,0.23727560594599512,0.943556345399953,59.085471148742805,0.016886099280108185
0.1,0.2,2,180,42.42640687119285,died,4000,39,0.011843711843711843,0.012654036970324425,0.05026455026455025,0.02834757834757834,101.8974358974359,1.775868663291409,0.24350559681525352,0.8717610798174434,67.1064181729596,0.020157952900172995
0.1,0.2,7,180,42.42640687119285,died,3000,29,0.007608100711548985,0.01173722349970355,0.043240284619594956,0.027394636015325668,106.27586206896552,1.7040460835451077,0.2283285761277548,0.9597408337246227,51.417418268525125,0.018632872143127845
0.1,0.2,5,180,42.42640687119285,died,4500,44,0.014033189033189031,0.015036985844974558,0.06764069264069263,0.0316919191919192,100.68181818181819,1.7975145549877174,0.24835383064132407,0.932782366949504,73.10468159395224,0.022809337221340483
0.1,0.2,6,180,42.42640687119285,died,4000,39,0.009727309727309726,0.011383532158099674,0.0496133496133496,0.035897435897435916,93.0,1.9522295252303257,0.24540810686568962,0.9428047118960924,67.50124065465432,0.013900221106390886
0.1,0.2,4,180,42.42640687119285,died,6000,59,0.012886736615550174,0.011328826875541558,0.05205811138014527,0.03361581920903955,97.84745762711864,1.847362755027152,0.24688728937670854,0.9439766490091825,99.66421618006387,0.016660368626250165
0.1,0.2,8,180,42.42640687119285,died,4000,39,0.008506308506308506,0.0124787074221228,0.054293854293854284,0.028062678062678054,98.23076923076923,1.8483420052345634,0.2503887801215013,0.9091787622590234,67.99731060161182,0.01773020415263566
0.1,0.2,9,180,42.42640687119285,died,3500,34,0.011437908496732025,0.01602306132486686,0.0676937441643324,0.03235294117647059,101.08823529411765,1.7932901382776865,0.24149667162446994,0.9243274322144197,57.700689447557444,0.027549408574458117
0.1,0.2,10,180,42.42640687119285,died,4000,39,0.008302808302808301,0.011376062289645297,0.04403744403744403,0.028205128205128195,106.84615384615384,1.6902003117250335,0.23950587289220193,0.958956718866236,66.85082547094254,0.01815040992229734
0.1,0.2,12,180,42.42640687119285,died,3000,29,0.009523809523809523,0.013953214409578567,0.0562671045429666,0.03295019157088123,110.20689655172414,1.6419310614540783,0.24713189823589607,0.9171913890496264,50.635038008132376,0.02581126136658717
0.1,0.2,13,180,42.42640687119285,died,3000,29,0.008319649698960043,0.011029013089482557,0.04411603721948548,0.03697318007662835,105.13793103448276,1.7264428521994815,0.23675192617739266,0.9295480302129779,51.1313565435834,0.01662754702568857
0.1,0.2,11,180,42.42640687119285,died,4500,44,0.011652236652236652,0.012457619744437258,0.061760461760461745,0.035101010101010105,97.13636363636364,1.864524783705942,0.24345437937465195,0.9325894243090815,74.13058955944739,0.017403390848048237
0.1,0.2,14,180,42.42640687119285,died,3500,34,0.010784313725490194,0.013208059450244003,0.05662931839402426,0.020915032679738564,104.0,1.7411617808768247,0.244969735203787,0.9772599883866729,57.04876960401313,0.02243523108877177
0.1,0.2,15,180,42.42640687119285,died,4000,39,0.010093610093610091,0.012068712621237414,0.049816849816849806,0.02307692307692308,111.66666666666667,1.6166922977445521,0.2285321878819788,0.9811475732079535,66.30806935809174,0.021153169625748914
0.1,0.2,18,180,42.42640687119285,died,3500,34,0.008683473389355741,0.01065377080098062,0.042950513538748826,0.032189542483660134,107.20588235294117,1.6887278534835042,0.23715886932868713,0.9176890728364799,60.79768554986037,0.01799567982162023
0.1,0.2,16,180,42.42640687119285,died,4500,44,0.00761183261183261,0.011279674329507548,0.044552669552669545,0.028156565656565647,106.0,1.7049206284504728,0.23395501402973054,0.969798978636836,75.69789230774032,0.016246492893136497
0.1,0.2,17,180,42.42640687119285,died,4000,39,0.00883190883190883,0.011540289695034137,0.04916564916564916,0.03290598290598292,109.66666666666667,1.6463153498088843,0.2514488889794214,0.9486123151979847,66.66682904096874,0.02338188498338486
0.1,0.2,19,180,42.42640687119285,died,4000,39,0.00870980870980871,0.011308544362916688,0.04407814407814407,0.0331908831908832,107.05128205128206,1.687311692502034,0.23128393037114905,0.9701680491416612,65.95731858943867,0.01813975012008538
0.1,0.4,2,180,42.42640687119285,died,3500,34,0.011858076563958916,0.013535121851028882,0.05522875816993463,0.027287581699346405,107.70588235294117,1.680401897151505,0.25276473749446904,0.945025405772186,56.72575465269966,0.02570211158481923
0.1,0.4,3,180,42.42640687119285,died,3000,29,0.012151067323481115,0.015857265414173895,0.05692391899288451,0.0318007662835249,100.75862068965517,1.8033883167092881,0.24994107613502073,0.9633800087766522,50.87663803494773,0.025363633455530783
0.1,0.4,1,180,42.42640687119285,died,4000,39,0.008791208791208791,0.012063914042406868,0.04358974358974358,0.032193732193732214,99.64102564102564,1.8218118544717332,0.2485155730666189,0.9412699407046126,68.24511721437479,0.02058930413092714
0.1,0.4,0,180,42.42640687119285,died,5000,49,0.011856171039844508,0.012690971457919958,0.05205701328150306,0.03356009070294784,101.93877551020408,1.7722853181287455,0.24879562451514708,0.9353252857169443,81.49958187712348,0.019544193404261823
0.1,0.4,4,180,42.42640687119285,died,4000,39,0.013960113960113959,0.01518157303331237,0.06463166463166461,0.034188034188034205,96.92307692307692,1.8683674276581728,0.2467897231908841,0.9511147092607884,67.45571940464434,0.018892932273957313
0.1,0.4,7,180,42.42640687119285,died,3500,34,0.013211951447245563,0.01633768646990485,0.06764705882352941,0.033169934640522876,101.23529411764706,1.7952133563201542,0.24889452121144048,0.9500239478815277,58.50105335758106,0.024054531859314884
0.1,0.4,5,180,42.42640687119285,died,4500,44,0.022077922077922075,0.022615530315658855,0.10465367965367965,0.032575757575757563,98.25,1.8426384038965802,0.23644045271732128,0.9284428460023896,72.04233856647998,0.028334186620892876
0.1,0.4,6,180,42.42640687119285,died,4500,44,0.008044733044733044,0.01010374851428291,0.04231601731601731,0.033080808080808086,91.9090909090909,1.974040248784914,0.2516677479454621,0.9463564903624918,74.57681099475994,0.015940280586038975
0.1,0.4,8,180,42.42640687119285,died,3500,34,0.009803921568627449,0.015479279878463521,0.057563025210084016,0.03235294117647059,100.73529411764706,1.8085571887389151,0.2455841578453122,0.9457980297002259,57.525141330641446,0.025677094720875173
0.1,0.4,11,180,42.42640687119285,died,3500,34,0.01302521008403361,0.015134623577829095,0.06237161531279177,0.030392156862745094,107.38235294117646,1.6856332208076428,0.24538229574926404,0.9712614207037729,58.47449840401277,0.02540411117832957
0.1,0.4,9,180,42.42640687119285,died,4500,44,0.013780663780663777,0.01565947049249518,0.06356421356421355,0.03358585858585859,104.72727272727273,1.7252075680201868,0.2504363130409822,0.9650779183995272,72.3666311951706,0.02488378066382049
0.1,0.4,10,180,42.42640687119285,died,4500,44,0.012590187590187589,0.01311674074493389,0.055844155844155835,0.03282828282828283,104.45454545454545,1.7309841901771497,0.24230532965726354,0.9730645472354346,73.8233058129786,0.022678029908043847
0.1,0.4,12,180,42.42640687119285,died,4000,39,0.014163614163614162,0.014647344281178603,0.06646316646316645,0.03361823361823363,103.02564102564102,1.758959723297203,0.24340524927182727,0.9432944981442433,65.75148801712349,0.024063075978834496
0.1,0.4,13,180,42.42640687119285,died,4500,44,0.011796536796536795,0.013049661945265738,0.055230880230880214,0.03295454545454546,99.13636363636364,1.8317616416870472,0.24399478905643782,0.9615255079612361,72.77810703510382,0.018483912929982922
0.1,0.4,14,180,42.42640687119285,died,4000,39,0.01241351241351241,0.015416741773959228,0.062189662189662175,0.03333333333333335,97.8974358974359,1.853965962126366,0.24879695505231572,0.9424979921439387,66.60884955545615,0.022548310374946087
0.1,0.4,18,180,42.42640687119285,died,3000,29,0.011275314723590583,0.017761489456269076,0.06447728516694032,0.021455938697318017,105.55172413793103,1.721098665211091,0.2475257421880384,0.977841444368935,50.40403488939255,0.027623052413527447
0.1,0.4,15,180,42.42640687119285,died,3500,34,0.013585434173669465,0.015265213235037225,0.061484593837535004,0.027287581699346405,105.61764705882354,1.7164521010800164,0.24830174747997602,0.945378777164432,56.84877871606398,0.022445954520747328
0.1,0.4,16,180,42.42640687119285,died,4000,39,0.013268213268213267,0.014125921840851272,0.06284086284086282,0.03290598290598292,108.94871794871794,1.6583891540481492,0.2498042486923469,0.9662770443884557,62.96995173054347,0.02660119613975126
0.1,0.4,17,180,42.42640687119285,died,4500,44,0.014105339105339103,0.01354088016634919,0.06201298701298699,0.032702020202020204,102.20454545454545,1.7691969947012913,0.2325296126099522,0.9051606640046826,74.00053653819091,0.019947736019125657
0.1,0.4,19,180,42.42640687119285,died,4000,39,0.016239316239316237,0.01786084672150674,0.07606837606837605,0.033048433048433065,106.61538461538461,1.6947791262754823,0.24097777943335777,0.9154783282859155,62.42420223635953,0.027682646581272462
0.1,0.8,0,180,42.42640687119285,died,4000,39,0.01648351648351648,0.01930798602811754,0.07342287342287342,0.02763532763532763,105.74358974358974,1.7141194547571992,0.24971671590920672,0.941971946396986,64.49314916204149,0.031116435878584765
0.1,0.8,2,180,42.42640687119285,died,3500,34,0.010597572362278243,0.016254342566483213,0.052054154995331454,0.027450980392156862,97.94117647058823,1.861819853452291,0.2427564529632176,0.9458795477874334,57.61314582184365,0.027387914587524168
0.1,0.8,1,180,42.42640687119285,died,4500,44,0.015187590187590187,0.019068246507766846,0.07467532467532467,0.03005050505050504,101.27272727272727,1.7955396307550329,0.24656545173545752,0.9264491150321625,70.95582386361453,0.028000505626064907
0.1,0.8,4,180,42.42640687119285,died,3500,34,0.014379084967320257,0.020062181652023937,0.06890756302521008,0.032189542483660134,98.11764705882354,1.8546223978907488,0.2567834850020733,0.927230000955292,58.72640965142568,0.03192381656373651
0.1,0.8,3,180,42.42640687119285,died,4000,39,0.012006512006512003,0.01923345592083921,0.06528286528286528,0.03290598290598292,98.92307692307692,1.837811550824164,0.24628284027091232,0.9572951477676952,65.09313436780617,0.025339593075495097
0.1,0.8,6,180,42.42640687119285,died,3500,34,0.017366946778711482,0.021441419262853208,0.08636788048552753,0.038888888888888896,95.82352941176471,1.904468643114394,0.25203170479665776,0.9165473402373209,58.41475658115685,0.02973581744049194
0.1,0.8,5,180,42.42640687119285,died,4000,39,0.020594220594220593,0.022982891937663095,0.08665038665038664,0.034188034188034205,96.61538461538461,1.8867204751811277,0.25429365517613733,0.9417282977770287,66.36510948325912,0.029750727880047602
0.1,0.8,8,180,42.42640687119285,died,4000,39,0.018477818477818476,0.020558722777407994,0.08140008140008138,0.038176638176638196,103.38461538461539,1.757801175532315,0.23626805828396913,0.9474423547560088,62.15788161002842,0.02975001738127549
0.1,0.8,7,180,42.42640687119285,died,4500,44,0.018831168831168827,0.019864869609148864,0.08279220779220778,0.033080808080808086,105.9090909090909,1.7124267290885427,0.24406009744176274,0.9504001597764847,71.74437519742,0.029956121888135765
0.1,0.8,12,180,42.42640687119285,died,3500,34,0.012464985994397756,0.019506056246368347,0.07040149393090568,0.03807189542483661,94.8529411764706,1.9234408941958951,0.25384050084741305,0.9359709708139382,59.536806826451965,0.029363622994411264
0.1,0.8,9,180,42.42640687119285,died,5000,49,0.016650469711694198,0.017438601119682182,0.06916099773242629,0.030385487528344666,104.3061224489796,1.7364330995558122,0.2549608915438202,0.9502580240860412,80.70184454595794,0.025451042085048347
0.1,0.8,10,180,42.42640687119285,died,5500,54,0.011169900058788944,0.013489233923366383,0.04738389182833626,0.033641975308641985,97.5925925925926,1.8566701630962588,0.255907785987601,0.9512686270548337,91.77151994724909,0.01959631797836325
0.1,0.8,11,180,42.42640687119285,died,5000,49,0.010528020732102364,0.014227626044495602,0.050858438613540634,0.02709750566893424,96.77551020408163,1.8744533568583939,0.24408308163450151,0.9682689123622115,83.2088368257801,0.021244052089079295
0.1,0.8,13,180,42.42640687119285,died,5000,49,0.011499838030450273,0.015258947301930743,0.05374149659863944,0.03129251700680272,95.36734693877551,1.9081836403466412,0.2496678584817971,0.9596750329730481,82.15254431050867,0.022446373944542648
0.1,0.8,15,180,42.42640687119285,died,4000,39,0.021041921041921034,0.024060230371322395,0.09352869352869352,0.03632478632478634,102.66666666666667,1.767200666316484,0.25181567094950796,0.8965877513663009,65.23253270389398,0.03285624498843798
0.1,0.8,14,180,42.42640687119285,died,5000,49,0.016099773242630382,0.01864566599440666,0.07615808228053125,0.032879818594104306,102.81632653061224,1.7629739488804708,0.2519434552193376,0.9123902596899559,81.45531539793123,0.027850177991493665
0.1,0.8,16,180,42.42640687119285,died,5000,49,0.01580822805312601,0.016699630962185408,0.07230320699708452,0.03197278911564626,105.24489795918367,1.72037011306093,0.24893994348753365,0.9533912671065448,81.34963512769089,0.0271962143508912
0.1,0.8,17,180,42.42640687119285,died,4000,39,0.011843711843711842,0.018045487978905792,0.061294261294261285,0.02136752136752138,106.28205128205128,1.702760105426919,0.250516916146441,0.9729544077306124,65.90714219968552,0.029083473085092442
0.1,0.8,18,180,42.42640687119285,died,5000,49,0.01201814058956916,0.015288242036023846,0.0557175251052802,0.028684807256235824,100.65306122448979,1.8036376601723076,0.2500281301628404,0.8913604651173181,81.16348455716056,0.025045511411476516
0.1,0.8,19,180,42.42640687119285,died,4500,44,0.016341991341991338,0.019862385988538993,0.08077200577200576,0.03484848484848486,100.61363636363636,1.805283487049472,0.25145313297101296,0.9071300837027618,71.03801398279121,0.02660842848159176
0.1,1.2,0,180,42.42640687119285,died,4000,39,0.014774114774114774,0.02260537180978379,0.07444037444037442,0.03675213675213677,96.48717948717949,1.8875902908585926,0.261277055728324,0.9009787889750737,64.6579906491113,0.03313295619957458
0.1,1.2,1,180,42.42640687119285,died,4500,44,0.016450216450216448,0.023022701174749135,0.0765151515151515,0.033585858585858594,99.77272727272727,1.827103480838745,0.24950415802217932,0.9297420767266746,73.66678956030513,0.0329796103940047
0.1,1.2,3,180,42.42640687119285,died,4000,39,0.01811151811151811,0.026844115744548622,0.08453398453398453,0.037037037037037056,103.51282051282051,1.755977661109895,0.2538885049154068,0.9165227437624969,66.28878707468742,0.03400844151865009
0.1,1.2,2,180,42.42640687119285,died,5000,49,0.01898283122772918,0.023773599983435506,0.0816650469711694,0.03015873015873016,109.63265306122449,1.6506323393053979,0.2462922375262547,0.9574958307865719,78.97143747590228,0.032581142996526466
0.1,1.2,5,180,42.42640687119285,died,5000,49,0.018918043407839324,0.02378937771558559,0.08189180434078391,0.03378684807256235,103.34693877551021,1.7558405418045957,0.26603183655274626,0.8539132545242163,80.43422272823231,0.03201663083776429
0.1,1.2,4,180,42.42640687119285,died,5000,49,0.029381276320051827,0.029914518928480037,0.11626174279235502,0.03639455782312925,105.40816326530613,1.718318920265743,0.266145301260445,0.9223337090436898,75.341692594687,0.036620454805128135
0.1,1.2,6,180,42.42640687119285,died,4000,39,0.015018315018315017,0.024797263289440628,0.07521367521367521,0.0331908831908832,105.61538461538461,1.7171553839570828,0.23802016513230945,0.916940780287556,66.85628231305809,0.035077535475919915
0.1,1.2,8,180,42.42640687119285,died,3500,34,0.017927170868347338,0.025498584254317162,0.07077497665732958,0.031699346405228764,97.55882352941177,1.8783105895649186,0.23935636642770028,0.8910212361456428,56.844396836468455,0.035129501508014305
0.1,1.2,7,180,42.42640687119285,died,4000,39,0.017989417989417986,0.02448100487167581,0.08253968253968252,0.033903133903133924,104.7948717948718,1.7379050696214493,0.2491965581972182,0.932596267104855,61.99413604245492,0.03535962653085304
0.1,1.2,11,180,42.42640687119285,died,3500,34,0.02180205415499533,0.02938268263320689,0.09481792717086833,0.023202614379084968,112.11764705882354,1.6150341709846945,0.2543220903923017,0.9710412615730419,54.940193952339165,0.04678633600924381
0.1,1.2,9,180,42.42640687119285,died,5000,49,0.017136378360868152,0.023414299109549036,0.07764820213799803,0.030839002267573697,105.34693877551021,1.7197214879666396,0.24304402626024368,0.9252673451158253,79.20929115166916,0.03220323373534822
0.1,1.2,10,180,42.42640687119285,died,5000,49,0.011208292840945898,0.016978924858953498,0.05406543569808875,0.036734693877551024,101.65306122448979,1.7835304633191338,0.2673855876537008,0.9508626526144796,83.82605769818545,0.02617459284826517
0.1,1.2,12,180,42.42640687119285,died,5000,49,0.014350502105604145,0.0208183625592744,0.06320051830255911,0.029024943310657594,108.08163265306122,1.6720157571116059,0.25274314090897093,0.9303892282700212,80.97465826905464,0.02895209511309194
0.1,1.2,15,180,42.42640687119285,died,4000,39,0.023606023606023603,0.029476363385909456,0.09816849816849817,0.035042735042735064,105.2051282051282,1.7274536913503802,0.23922694860213567,0.9235459664979333,63.5853872657436,0.038236262712868056
0.1,1.2,14,180,42.42640687119285,died,5000,49,0.017136378360868156,0.023331839482316184,0.07975380628441851,0.03798185941043084,101.55102040816327,1.7892641939688694,0.2646681508182157,0.9162574852535361,79.52128429545157,0.02958918963622857
0.1,1.2,13,180,42.42640687119285,died,4500,44,0.016738816738816737,0.023452875475945604,0.08001443001443,0.03333333333333333,101.61363636363636,1.790229878390443,0.24427009305527267,0.9606781454581291,71.31489771678649,0.03263712859979682
0.1,1.2,16,180,42.42640687119285,died,5000,49,0.012244897959183671,0.017265000209650237,0.05587949465500485,0.03378684807256235,91.36734693877551,2.0024519097793188,0.25564372806566765,0.9243629538108381,82.97719341355504,0.022395025875116985
0.1,1.2,17,180,42.42640687119285,died,4000,39,0.021815221815221813,0.026991792847029406,0.09316239316239315,0.03660968660968662,94.05128205128206,1.9446345234373155,0.24295302883011777,0.9022292058831655,65.43644016620267,0.03700995646390128
0.1,1.2,18,180,42.42640687119285,died,4000,39,0.01534391534391534,0.02542928894589204,0.07195767195767194,0.033618233618233635,110.15384615384616,1.649050251100577,0.25876450336947404,0.9670803415817707,64.36188974587685,0.04063437021551223
0.1,1.2,19,180,42.42640687119285,died,4500,44,0.009776334776334774,0.018443532493741435,0.052958152958152954,0.031186868686868697,93.52272727272727,1.962680307450862,0.23735006594924063,0.9387948697986325,73.63825261238588,0.028720206383795757
0.2,0.01,2,180,30.0,died,5000,49,0.03858114674441204,0.028799926016363605,0.15711046323291217,0.03684807256235828,103.6938775510204,1.7458937054479844,0.29475656518351195,0.8493151583404394,70.2093276824343,0.04480319074443292
0.2,0.01,1,180,30.0,died,4500,44,0.039430014430014426,0.031351279156874086,0.1616522366522366,0.03674242424242425,110.20454545454545,1.6457673742786754,0.29082581377603317,0.8951061097085731,63.38835213087805,0.047934208954104385
0.2,0.01,3,180,30.0,died,5500,54,0.029835390946502054,0.02316292565528359,0.12454438565549675,0.03703703703703704,101.46296296296296,1.7835206044522736,0.29426435768318,0.827619720240827,88.07416753279314,0.03853350929625682
0.2,0.01,0,180,30.0,died,5500,54,0.03600823045267489,0.028182970578297044,0.1517048794826572,0.03734567901234569,104.22222222222223,1.7302448335166487,0.303845981270596,0.8425565205681468,82.72898216158657,0.041219543548039035
0.2,0.01,6,180,30.0,died,5500,54,0.03062904174015284,0.026694292803921854,0.13315696649029982,0.03868312757201647,114.16666666666667,1.5891166785030335,0.28920683564241306,0.8890265143024023,78.28171737477862,0.042330277024822345
0.2,0.01,4,180,30.0,died,6000,59,0.03755716976055959,0.02647383031055358,0.14503631961259075,0.03926553672316384,114.77966101694915,1.578412631054701,0.29754400474483905,0.8254097437870453,87.25026187002406,0.03904943215332291
0.2,0.01,5,180,30.0,died,6500,64,0.028869047619047614,0.024451271268038484,0.1294394841269841,0.037934027777777775,107.125,1.6914498524005646,0.2838024277806259,0.9069616468916037,93.92677267305154,0.03448222797322893
0.2,0.01,8,180,30.0,died,5000,49,0.028636216391318425,0.02221449518209856,0.1176222870100421,0.036281179138321996,104.6734693877551,1.7269416520562277,0.2825356021285903,0.9246462113988921,77.60144290856917,0.03356817030795971
0.2,0.01,7,180,30.0,died,5500,54,0.027836566725455605,0.022012896184404412,0.12060552616108168,0.0360082304526749,105.5925925925926,1.7124576029768543,0.2892477896030943,0.9005915892259545,78.90020561356543,0.03850172603951919
0.2,0.01,9,180,30.0,died,5500,54,0.04171075837742503,0.031062552655605365,0.16554967666078774,0.03837448559670782,100.77777777777777,1.7932604439075417,0.2905214342804923,0.8565026480942661,77.34757232070903,0.04302071462013774
0.2,0.01,11,180,30.0,died,5000,49,0.03472627146096533,0.026815337284671857,0.14405571752510524,0.037528344671201815,105.77551020408163,1.710912625416131,0.2929839866957651,0.8803947992738377,75.78013605988912,0.03884221911552015
0.2,0.01,10,180,30.0,died,6000,59,0.03373688458434221,0.024697932272360203,0.1371805219262846,0.036064030131826734,100.57627118644068,1.7936854871387826,0.2907803934248776,0.8685358583365584,88.59271970833737,0.034866998680527436
0.2,0.01,12,180,30.0,died,4000,39,0.03272283272283272,0.028890701051739815,0.1385429385429385,0.035327635327635346,107.56410256410257,1.6771971764774882,0.28151367452542675,0.9269490261423067,60.105763365200396,0.04628066538735309
0.2,0.01,14,180,30.0,died,4500,44,0.03228715728715728,0.024137627846369393,0.13896103896103895,0.03775252525252526,97.3409090909091,1.8527950937659683,0.28878435662100527,0.8590364996614747,66.72964256103657,0.03408244370081961
0.2,0.01,13,180,30.0,died,6500,64,0.03625992063492063,0.026450112017170416,0.14632936507936506,0.03645833333333333,101.84375,1.7806442486560368,0.2864035973129184,0.8989300182080496,91.58962108017406,0.04225809552802154
0.2,0.01,16,180,30.0,died,4500,44,0.03272005772005771,0.02635974152799847,0.13715728715728714,0.03787878787878789,105.43181818181819,1.7171835740186163,0.2898534789502041,0.902610268109674,66.4479545452652,0.03995486536259977
0.2,0.01,15,180,30.0,died,6000,59,0.04441754102771051,0.032258963371799995,0.18114070486951842,0.0451035781544256,111.88135593220339,1.6196614111223442,0.28778151894182574,0.8714302346452631,81.40510027564655,0.04728950963293393
0.2,0.01,19,180,30.0,died,5000,49,0.037641723356009064,0.028472992912536944,0.1542274052478134,0.03639455782312925,95.65306122448979,1.888367042841957,0.292183779116841,0.8722495324012371,71.1093936622685,0.0487576629126021
0.2,0.01,17,180,30.0,died,5500,54,0.03700764256319811,0.0277893224723644,0.14391534391534389,0.03796296296296297,105.88888888888889,1.7105090024967506,0.28519395153657945,0.9000214185021546,79.18171941927302,0.03540442393556992
0.2,0.05,0,180,30.0,died,5000,49,0.03919663103336572,0.02706215816712117,0.14499514091350824,0.03775510204081632,111.08163265306122,1.6306422981040827,0.2881596454615671,0.911198853621248,72.45688860941111,0.03975913419198554
0.2,0.05,1,180,30.0,died,4500,44,0.027994227994227985,0.026206390373344376,0.12146464646464644,0.0369949494949495,118.70454545454545,1.5272615362066462,0.28590006562199943,0.91093114721531,66.78976085181326,0.043802723439730615
0.2,0.01,18,180,30.0,died,7000,69,0.017943409247757072,0.016368867118889,0.07531631009891879,0.03534621578099838,102.65217391304348,1.7561325486308974,0.2911810332470948,0.8905032845240918,111.16268489076997,0.02806540064045019
0.2,0.05,3,180,30.0,died,5500,54,0.03380364491475602,0.02447316447898027,0.1368606701940035,0.036522633744855974,104.37037037037037,1.728064312630319,0.29385466139284583,0.8548869798163821,79.88667623888522,0.036893432921049636
0.2,0.05,2,180,30.0,died,6500,64,0.03010912698412698,0.022446010965488886,0.12539682539682537,0.038107638888888885,103.140625,1.757122628216378,0.29192242469175955,0.8853918859328013,97.87603770828851,0.0317589849156311
0.2,0.05,7,180,30.0,died,4500,44,0.03499278499278499,0.027348851383970627,0.14978354978354977,0.04507575757575759,108.04545454545455,1.6723375769973798,0.2906976107297092,0.8841141197764347,69.14245775027186,0.039174757828044304
0.2,0.05,6,180,30.0,died,5000,49,0.021736313573048262,0.019051888455266203,0.1003563330093942,0.035600907029478455,103.3061224489796,1.749731515439418,0.28535650121346434,0.9115509088658784,77.98385666626784,0.03359803396293778
0.2,0.05,5,180,30.0,died,6000,59,0.03142319074522464,0.025019194918109815,0.12684960990045732,0.03728813559322033,103.50847457627118,1.7487522128805753,0.2922723125903315,0.8670852428341735,88.63155305161365,0.033957382339957994
0.2,0.05,8,180,30.0,died,4500,44,0.04282106782106781,0.030744269905112764,0.1678210678210678,0.037373737373737385,99.04545454545455,1.8249199258650541,0.29454401972032734,0.8547010053264485,61.10448056314149,0.044605399897026575
0.2,0.05,9,180,30.0,died,4500,44,0.043759018759018754,0.03131787484800827,0.17658730158730157,0.042424242424242434,96.22727272727273,1.8756593350135626,0.28529781747066035,0.8958753986078712,65.40798211407734,0.0361897086100872
0.2,0.05,4,180,30.0,died,7000,69,0.04439843570278351,0.029299166319913632,0.1695652173913043,0.04468599033816425,100.91304347826087,1.7878477527144498,0.2975043180487207,0.7969915590441097,97.36334290609803,0.045773463798854615
0.2,0.05,11,180,30.0,died,4500,44,0.032395382395382394,0.027001313475074784,0.13809523809523805,0.037373737373737385,102.86363636363636,1.7557016652143778,0.29167508713826956,0.8863184379855625,67.91867828646009,0.03300125981786122
0.2,0.05,10,180,30.0,died,5000,49,0.026465824425008094,0.023893954518890956,0.11729834791059278,0.04376417233560091,102.63265306122449,1.761964756359445,0.29181137933316714,0.8891438095378424,77.05773833732583,0.033657645293498725
0.2,0.05,14,180,30.0,died,4500,44,0.041810966810966806,0.030513896463273456,0.17099567099567095,0.04507575757575759,110.18181818181819,1.644274740719146,0.2906501105049024,0.8868592405261411,61.32308736397879,0.04795909737115601
0.2,0.05,16,180,30.0,died,4500,44,0.030303030303030297,0.026304027522781312,0.1317099567099567,0.04381313131313132,108.4090909090909,1.6657705381628887,0.2952137052391182,0.8527335643708936,66.85444264888893,0.04259301580717409
0.2,0.05,12,180,30.0,died,6000,59,0.033118105999461925,0.02379380115252979,0.13422114608555283,0.0379472693032015,100.40677966101696,1.8003153990556617,0.2934804558641981,0.8648916160949429,92.99305410678951,0.03175795745352227
0.2,0.05,13,180,30.0,died,5500,54,0.0427689594356261,0.03121919607025964,0.18265726043503816,0.04629629629629628,103.64814814814815,1.750757050315231,0.2917598905922466,0.8543267366625945,74.5798764575108,0.04547386291298311
0.2,0.05,15,180,30.0,died,6500,64,0.03159722222222222,0.02430181930592211,0.13187003968253966,0.04522569444444445,101.5625,1.7811102147918088,0.3027327642635293,0.8043296936834998,97.18447617011928,0.03485814578750761
0.2,0.05,18,180,30.0,died,4500,44,0.03336940836940836,0.028373441987630643,0.14430014430014426,0.0369949494949495,112.36363636363636,1.618458782308194,0.29037510512686315,0.867089586273829,63.86734457324703,0.049334875268875804
0.2,0.05,17,180,30.0,died,8000,79,0.0266425557564798,0.020471057643051144,0.1088808519188266,0.04001406469760898,116.07594936708861,1.5573388614590076,0.287159991748632,0.8771325817226616,115.73561661974549,0.029362882193521178
0.2,0.1,1,180,30.0,died,4000,39,0.03402523402523402,0.031055111889471458,0.14908424908424905,0.03575498575498577,104.84615384615384,1.7256712682111783,0.2936509528338514,0.8315655483907946,58.74250627993894,0.04576792711689015
0.2,0.1,0,180,30.0,died,5500,54,0.03847736625514403,0.02975674181962221,0.15817166372721925,0.03858024691358025,107.42592592592592,1.6879569079219021,0.29306789178724196,0.8893275761718757,79.32320325161692,0.04016335159542455
0.2,0.1,3,180,30.0,died,4000,39,0.027513227513227507,0.023874532313841394,0.11457061457061457,0.03461538461538464,112.82051282051282,1.5984139985305892,0.2844423047923858,0.9006039919014993,62.42270082413768,0.04124559364023913
0.2,0.05,19,180,30.0,died,7000,69,0.027145157579940182,0.019734647720270795,0.10549804462847939,0.048953301127214154,106.65217391304348,1.6920166923018207,0.2885018715354956,0.871042868983432,108.954533328525,0.030146067628318143
0.2,0.1,2,180,30.0,died,6500,64,0.018923611111111106,0.017106641589172446,0.08603670634920632,0.03480902777777778,97.46875,1.8513853827671778,0.2858052081975194,0.8970484350887316,101.09201866709503,0.030839118060392127
0.2,0.1,6,180,30.0,died,5000,49,0.026919339164237117,0.022732134444221317,0.117201166180758,0.04557823129251701,98.26530612244898,1.8373051167196386,0.290072876329998,0.8547129561532671,80.46233147001377,0.030123491326467428
0.2,0.1,4,180,30.0,died,5500,54,0.035626102292768955,0.026921929489793047,0.1353909465020576,0.0374485596707819,105.88888888888889,1.7078120428431995,0.29762568025157626,0.8650972650133987,80.64907186522804,0.03808509950037954
0.2,0.1,5,180,30.0,died,6000,59,0.029593758407317726,0.023704435525055377,0.12050040355125098,0.03681732580037664,108.2542372881356,1.6798683438153075,0.2856826205349014,0.9073646557644504,90.61742499937917,0.03264806161171874
0.2,0.1,7,180,30.0,died,5000,49,0.04143181081956591,0.03124459880852333,0.17719468739876898,0.04886621315192743,95.79591836734694,1.88418769542645,0.29646874614846597,0.8379920305957244,73.00092567994612,0.04238033191072104
0.2,0.1,8,180,30.0,died,5000,49,0.03819241982507288,0.028755666452062706,0.1611920958859734,0.04444444444444445,93.0,1.9437138337181024,0.299845347330459,0.840058006335816,70.08463824007589,0.041937222841654936
0.2,0.1,9,180,30.0,died,4500,44,0.03766233766233765,0.031227687505145128,0.15021645021645022,0.03686868686868688,108.5909090909091,1.6674321893255062,0.2924280602784469,0.8664278313206002,66.81194477949143,0.04644440564959986
0.2,0.1,10,180,30.0,died,5000,49,0.023906705539358596,0.02144529628437605,0.11000971817298345,0.036394557823129246,100.06122448979592,1.804274087103531,0.2822689434600532,0.9299025458750757,78.92541471294567,0.030636904013052673
0.2,0.1,11,180,30.0,died,5500,54,0.03483245149911816,0.025796383132662883,0.13691945914168133,0.03621399176954733,113.5925925925926,1.59140280532782,0.2880391041525171,0.8455502303091436,77.4211735234364,0.04098987591201329
0.2,0.1,14,180,30.0,died,6000,59,0.042722625773473216,0.02946332195127184,0.16941081517352702,0.048116760828625225,111.11864406779661,1.6313726787366754,0.29587644049773804,0.8365550194693914,81.58283643845068,0.039736073368523146
0.2,0.1,12,180,30.0,died,6500,64,0.04871031746031745,0.03381379576144429,0.19387400793650789,0.039149305555555555,115.390625,1.575789125931609,0.2932242372723175,0.8789584262943144,89.66350438152736,0.052322741428573225
0.2,0.1,15,180,30.0,died,5500,54,0.03791887125220458,0.028715377162186546,0.15191064079952965,0.03827160493827161,109.98148148148148,1.642498214936368,0.2849526429590696,0.9027474483820868,76.79631324084868,0.0446006135747318
0.2,0.1,17,180,30.0,died,4000,39,0.03357753357753357,0.02615239000292788,0.12470492470492467,0.03190883190883189,109.28205128205128,1.6521219287960345,0.2766429942598745,0.931712737287185,61.57604232230782,0.03358931722031263
0.2,0.1,16,180,30.0,died,5500,54,0.028659611992945325,0.023498077734159534,0.12410346854791297,0.0398148148148148,102.0,1.7678636035698465,0.2920203715727119,0.835686437527248,81.9098917485702,0.0371048939257648
0.2,0.1,13,180,30.0,died,7500,74,0.03219648219648219,0.02370670366976911,0.13065208065208064,0.04369369369369369,110.21621621621621,1.6491221093992119,0.29271091823489775,0.8974056896317864,106.0633213739941,0.03528533091325848
0.2,0.1,18,180,30.0,died,5000,49,0.02578555231616456,0.023241273514528277,0.11091674765144152,0.03775510204081633,94.34693877551021,1.9122818377858408,0.2995930126191536,0.8402560721915966,76.38009668593419,0.03534971521926946
0.2,0.1,19,180,30.0,died,5000,49,0.04152899254940071,0.03195000213610713,0.17891156462585028,0.04297052154195011,92.34693877551021,1.9549063983695052,0.29698661822099337,0.8448862351746943,63.65057136603853,0.048751808230281905
0.2,0.2,0,180,30.0,died,4000,39,0.04818884818884818,0.038575863929613825,0.19055759055759053,0.04017094017094019,104.87179487179488,1.7251405947066973,0.2861148042911693,0.9126183076722955,55.07353498615557,0.04976253148176941
0.2,0.2,2,180,30.0,died,5000,49,0.017978620019436342,0.018245036427674048,0.08801425332037574,0.03458049886621315,91.91836734693878,1.9678436458532305,0.2870779582204698,0.8974159552503151,79.20954640635986,0.028356367450966626
0.2,0.2,1,180,30.0,died,5000,49,0.03945578231292517,0.03197888233066422,0.15811467444120503,0.037188208616780044,113.3061224489796,1.6016351592726794,0.28696638804978575,0.9075384492419137,70.16005804621672,0.05000262163524983
0.2,0.2,4,180,30.0,died,4500,44,0.03845598845598845,0.030262491403850043,0.1514069264069264,0.04545454545454546,96.47727272727273,1.8686084776575504,0.29567381294776524,0.8678985371052161,69.51613606608909,0.03697983074878307
0.2,0.2,3,180,30.0,died,6000,59,0.03268765133171912,0.025093755809848517,0.1362119989238633,0.036629001883239164,113.27118644067797,1.608796076001384,0.29040392335654264,0.8656241819533665,84.26865371034768,0.037697884765664845
0.2,0.2,6,180,30.0,died,4500,44,0.03773448773448773,0.027469241892914765,0.15847763347763344,0.0393939393939394,105.1590909090909,1.7303398538719088,0.2939021494880873,0.8559166476263087,67.6514523484352,0.04273696043167387
0.2,0.2,7,180,30.0,died,4500,44,0.032395382395382394,0.026457019883536846,0.14126984126984124,0.03724747474747476,111.68181818181819,1.6177418244727342,0.2869017018730106,0.9250698983339078,70.79557293694565,0.04050703200608163
0.2,0.2,8,180,30.0,died,4500,44,0.04256854256854256,0.03558490149667214,0.1747474747474747,0.037373737373737385,109.68181818181819,1.6532208706069427,0.2848265129734102,0.9075239283401481,58.421576004237814,0.052974346871601935
0.2,0.2,5,180,30.0,died,7000,69,0.024545663676098454,0.01934776327505327,0.10338164251207728,0.03599033816425119,100.76811594202898,1.7919435189996464,0.28950091360582264,0.8743492258678167,108.61422933209296,0.027919717451298984
0.2,0.2,10,180,30.0,died,5000,49,0.034953028830579845,0.03003526248982321,0.14139941690962096,0.03537414965986394,106.42857142857143,1.6963399361632068,0.2822934860562403,0.9316870357847842,73.43349342252964,0.045440854367115834
0.2,0.2,11,180,30.0,died,5000,49,0.024813735017816644,0.0213110991667414,0.10048590864917392,0.03469387755102041,109.08163265306122,1.6582463776551462,0.28613713374006156,0.9242806501065562,77.73221627332514,0.032712562019615574
0.2,0.2,9,180,30.0,died,7000,69,0.033701403266620654,0.02544607054431608,0.1399355877616747,0.039049919484702086,114.05797101449275,1.5908894702874283,0.29091243900443836,0.8864414989124446,102.41123844799961,0.03195676807084649
0.2,0.2,14,180,30.0,died,5500,54,0.038212815990593764,0.02646761266766475,0.1519694297472075,0.040637860082304515,109.87037037037037,1.6530904677760756,0.293175354507844,0.8958403947677425,81.89634122550672,0.039154395721043254
0.2,0.2,12,180,30.0,died,6500,64,0.03273809523809523,0.02532068171952162,0.1448164682539682,0.03836805555555555,100.765625,1.7945322244473143,0.29493973896966297,0.8551961303515458,95.05801586818987,0.037501139510796797
0.2,0.2,15,180,30.0,died,5000,49,0.03997408487204405,0.03162618763787592,0.15698088759313245,0.03696145124716553,112.9795918367347,1.601670511759568,0.28281446893666723,0.9039799098995395,71.8646609704583,0.0444425890069909
0.2,0.2,16,180,30.0,died,4500,44,0.03690476190476189,0.027468666482317473,0.14007936507936505,0.03560606060606061,107.63636363636364,1.6779553591994374,0.2911839064022566,0.8848300283045458,65.28525556549458,0.04652284329071618
0.2,0.2,13,180,30.0,died,6500,64,0.028670634920634916,0.02293239873201578,0.1175099206349206,0.036718749999999994,111.6875,1.6201868810575313,0.2899531253062486,0.9158390448607199,94.26760852156619,0.034195738323692916
0.2,0.2,18,180,30.0,died,5000,49,0.025137674117265946,0.02335991602923631,0.1189180434078393,0.04081632653061224,94.75510204081633,1.9042021287975273,0.290690675453694,0.8524017249544604,79.74814706479074,0.03392013587195236
0.2,0.2,17,180,30.0,died,5500,54,0.03206937095825984,0.02541247419803083,0.1326866549088771,0.03909465020576131,110.98148148148148,1.6277005127908555,0.2719326167930824,0.9270434782506207,83.37862531355937,0.035315915709585574
0.2,0.2,19,180,30.0,died,4500,44,0.035930735930735924,0.029258369306379702,0.15526695526695525,0.03724747474747476,105.97727272727273,1.7023335012597416,0.2876552450334178,0.8475394369877346,65.16500932398445,0.04419820811985937
0.2,0.4,0,180,30.0,died,4500,44,0.037734487734487725,0.02962554179117695,0.15339105339105338,0.03762626262626263,103.63636363636364,1.7439737870644074,0.29615303840949936,0.8637086706585322,68.73788970481677,0.042500201685679986
0.2,0.4,1,180,30.0,died,4500,44,0.03755411255411255,0.03208917374635268,0.1536435786435786,0.0369949494949495,114.02272727272727,1.5862872509741555,0.2897034869609442,0.8963391221584605,64.20342701831686,0.0461548954474017
0.2,0.4,2,180,30.0,died,5500,54,0.03268665490887713,0.025584951259581903,0.13697824808935918,0.040432098765432085,102.72222222222223,1.760430902994921,0.28855983269029073,0.8518739836247918,83.83022893632453,0.03572260183011242
0.2,0.4,3,180,30.0,died,4500,44,0.04473304473304473,0.03314819845836195,0.1809163059163059,0.05530303030303029,111.81818181818181,1.6210219965003085,0.2977692671128312,0.8562084580971465,64.1135958142198,0.05091445043863716
0.2,0.4,6,180,30.0,died,4500,44,0.03448773448773448,0.02807314485936131,0.13878066378066378,0.03598484848484849,111.3409090909091,1.6253501065890261,0.2885639058520174,0.9061350336310315,68.16290245756159,0.042720655680595715
0.2,0.4,4,180,30.0,died,5500,54,0.042445620223398,0.031104744836003867,0.15920047031158138,0.03796296296296297,115.0925925925926,1.582559802448402,0.28940626068186015,0.8837421047461753,79.6791754042744,0.04469911874769656
0.2,0.4,5,180,30.0,died,5500,54,0.040593768371546136,0.028049634830935564,0.16390358612580833,0.042489711934156356,104.25925925925925,1.7367404061450074,0.29248795975335634,0.8971767752213708,81.13155543812171,0.03927939771630781
0.2,0.4,7,180,30.0,died,4500,44,0.04816017316017315,0.03670258890563485,0.18459595959595954,0.04027777777777779,119.3409090909091,1.5268524338741074,0.29726625158055187,0.8526650205922134,66.07957659795198,0.05086683364015136
0.2,0.4,8,180,30.0,died,6000,59,0.03825665859564164,0.0282220659539732,0.15294592413236477,0.04962335216572503,103.11864406779661,1.7563535013021214,0.2953898642034273,0.8368841866343456,87.62853312531517,0.04064267710617539
0.2,0.4,10,180,30.0,died,6000,59,0.042265267688996494,0.031457254053598976,0.16626311541565775,0.03973634651600753,110.16949152542372,1.6443462650410636,0.2864387663010295,0.9035109833915899,84.64819495867202,0.04538799567487248
0.2,0.4,12,180,30.0,died,4500,44,0.03849206349206349,0.02955624556155404,0.15487012987012985,0.03712121212121213,102.4090909090909,1.7668527988151808,0.29229245342042576,0.8736046961911165,65.98219203922059,0.04719112438784143
0.2,0.4,15,180,30.0,died,4500,44,0.03315295815295815,0.027716282203328422,0.1393217893217893,0.04709595959595959,97.95454545454545,1.8423956999874833,0.29318384735406566,0.8386276271014417,72.4241734137875,0.03695949951147887
0.2,0.4,14,180,30.0,died,5000,49,0.04220926465824425,0.03264249068822902,0.17444120505344995,0.03809523809523809,106.16326530612245,1.70111968698816,0.2822504128271634,0.9228706426239961,70.47241389130338,0.04510745901472327
0.2,0.4,11,180,30.0,died,5500,54,0.028277483833039387,0.023260997409677825,0.11646090534979422,0.03703703703703704,102.5925925925926,1.761014995833075,0.2884882186866263,0.8654501773919696,87.11805583298337,0.03398197417758974
0.2,0.4,9,180,30.0,died,7000,69,0.0369450195537152,0.029318667125812475,0.15472739820565903,0.0467793880837359,109.23188405797102,1.6557003213758825,0.291437254333589,0.8895001127775118,92.39092733486393,0.040472842347836206
0.2,0.4,13,180,30.0,died,5500,54,0.025426219870664308,0.02099480918377171,0.10605526161081714,0.03590534979423869,92.42592592592592,1.9581100669209865,0.29301797261125284,0.8758978735779224,84.16674756533008,0.03251002506065917
0.2,0.4,16,180,30.0,died,5500,54,0.03256907701352145,0.026751079449783503,0.13277483833039386,0.036213991769547337,105.38888888888889,1.7156212154487307,0.29009947192069235,0.8923198568511381,77.9665824788803,0.04343370578209545
0.2,0.4,19,180,30.0,died,4000,39,0.044525844525844516,0.03574829270346589,0.1753357753357753,0.03789173789173791,106.0,1.7054625111205597,0.28593876375388755,0.875395066751321,58.605820755454076,0.050954819755683424
0.2,0.4,18,180,30.0,died,5500,54,0.03906525573192239,0.02984178373213138,0.16572604350382128,0.058333333333333307,105.16666666666667,1.7240550304877458,0.3001382015138368,0.8580449789724325,78.13730390250628,0.044152766072731095
0.2,0.8,0,180,30.0,died,5500,54,0.050529100529100514,0.033773940604697524,0.18544973544973542,0.04115226337448558,115.5,1.579627483039012,0.2974105078056645,0.8791976820840713,82.0544024097789,0.04536921264059056
0.2,0.8,1,180,30.0,died,5000,49,0.051668286362163904,0.042182012201284244,0.2077421444768383,0.03968253968253968,104.85714285714286,1.7393417643812146,0.29837172443026344,0.8276462779264236,67.6819769890185,0.05453802294261705
0.2,0.4,17,180,30.0,chaos,8000,80,0.029246031746031742,0.022163021036765887,0.1208333333333333,0.03840277777777777,99.025,1.826662150103034,0.28955122493385466,0.8536972057932708,125.0668165173548,0.0286552657555181
0.2,0.8,2,180,30.0,died,6000,59,0.03979015334947538,0.033854809945766784,0.15916061339790152,0.04698681732580036,111.71186440677967,1.6174885881987602,0.2990852469595509,0.7969668486057248,81.51345709229466,0.052514551812662104
0.2,0.8,3,180,30.0,died,5500,54,0.03744855967078188,0.031110986217235872,0.1550558495002939,0.04506172839506171,115.01851851851852,1.580675982542364,0.288490300661628,0.8903823430659805,80.5726643342861,0.04324401906212377
0.2,0.8,5,180,30.0,died,5000,49,0.04580498866213151,0.03906505716701789,0.18438613540654356,0.03922902494331065,113.42857142857143,1.600574805912606,0.29037181017573493,0.8776379692758197,66.88591084066647,0.055612500633634265
0.2,0.8,6,180,30.0,died,6000,59,0.03449018025289211,0.029709431210326917,0.13785310734463274,0.03738229755178907,109.89830508474576,1.6485810937357512,0.3021990525385443,0.8378407850649499,91.15177005788921,0.03888346962970053
0.2,0.8,7,180,30.0,died,5500,54,0.03321575543797766,0.029322467125559755,0.13733098177542621,0.03724279835390947,111.22222222222223,1.626409816899331,0.2917182521284862,0.8989561346816367,82.24456038191659,0.044606579890503095
0.2,0.8,4,180,30.0,died,8000,79,0.03705043198714084,0.028353907688538064,0.1419529837251356,0.038888888888888876,115.0126582278481,1.577247487642437,0.29017947685266676,0.9030143465261996,116.43726993571906,0.03918273480923409
0.2,0.8,8,180,30.0,died,5500,54,0.038565549676660774,0.03237258681860166,0.16169900058788947,0.045061728395061715,100.33333333333333,1.8043715516974825,0.30165411313152685,0.8297661400151215,80.4342127124066,0.04407094528087719
0.2,0.8,9,180,30.0,died,5500,54,0.03909465020576131,0.03363444089778758,0.16190476190476186,0.04197530864197529,105.11111111111111,1.7228059630858423,0.28873742346880543,0.8745020709716793,78.00436337471675,0.049906820868278724
0.2,0.8,11,180,30.0,died,5000,49,0.049465500485908635,0.03369923630507943,0.1733722060252672,0.03854875283446711,109.04081632653062,1.666281480507763,0.28978746880827355,0.895099266051316,71.57532968948652,0.046706892771738576
0.2,0.8,10,180,30.0,died,6000,59,0.025585149313962868,0.024929431416040385,0.11829432337906912,0.03822975517890772,98.76271186440678,1.8310594143391918,0.2900478936345141,0.8758468231584823,87.96335456572884,0.03812795475075418
0.2,0.8,12,180,30.0,died,5500,54,0.04174015285126395,0.032316340156808836,0.1532039976484421,0.03724279835390947,112.03703703703704,1.61519489948386,0.28961065366597694,0.8935002007706693,78.77266352488162,0.047593674516131564
0.2,0.8,13,180,30.0,died,5000,49,0.044023323615160335,0.03670276857458089,0.17408487204405568,0.038662131519274376,105.79591836734694,1.7175055725306476,0.29887039903631873,0.8076947896044512,70.32795584168507,0.05271077994147211
0.2,0.8,14,180,30.0,died,5000,49,0.042014901198574664,0.03569307757907839,0.16430191124068674,0.03537414965986394,114.3265306122449,1.5826774103995889,0.2831030727093517,0.9134194983468646,71.60045558319095,0.05227857003376745
0.2,0.8,15,180,30.0,died,5000,49,0.038160025915127946,0.03235341388374055,0.15610625202461936,0.037981859410430835,105.26530612244898,1.716648002697712,0.2912121627927063,0.8596575738772491,73.05139401051485,0.04408898656784194
0.2,0.8,16,180,30.0,died,6000,59,0.04412160344363734,0.03572304947649551,0.18574118913101959,0.04548022598870055,98.23728813559322,1.8411249100660567,0.2921265138447,0.8293559343218312,81.76774486215898,0.046336052843547804
0.2,0.8,18,180,30.0,died,4500,44,0.0502164502164502,0.039130521997200136,0.19512987012987007,0.03964646464646466,107.31818181818181,1.6897238622360085,0.2866232279002943,0.8898173038160646,61.361382540961614,0.05551872674498619
0.2,1.2,0,180,30.0,died,4500,44,0.04458874458874458,0.04136790548727425,0.191089466089466,0.03952020202020203,108.0,1.6789691131234363,0.3108474133273799,0.7855075678646533,58.04454093783883,0.055340805133797376
0.2,0.8,17,180,30.0,died,7000,69,0.03273521969174143,0.028623648632624076,0.13724407637451114,0.03776167471819645,111.71014492753623,1.623195391678297,0.28798192870518347,0.8889064104202863,97.27559706144993,0.0431159707445924
0.2,0.8,19,180,30.0,died,7000,69,0.03397745571658615,0.027119736006473785,0.1404646882907752,0.045008051529790656,108.98550724637681,1.6631114988495739,0.29397212811422013,0.8874220359347461,98.4131207134672,0.039203412825241396
0.2,1.2,1,180,30.0,died,6500,64,0.05042162698412697,0.03819111848135448,0.18625992063492058,0.03958333333333333,115.640625,1.57513834425527,0.29414685215119585,0.8798956994639481,87.50336517692223,0.05212855566146041
0.2,1.2,2,180,30.0,died,7000,69,0.04166091557395905,0.032177459926618655,0.1547504025764895,0.03816425120772946,111.65217391304348,1.6230016433704118,0.2910423711446645,0.8894201689753043,96.20450050345312,0.042616472722614054
0.2,1.2,3,180,30.0,died,6500,64,0.04399801587301587,0.03584138403438568,0.17467757936507933,0.04487847222222223,106.5625,1.7030237112578734,0.29318788615324887,0.8812982948021775,89.67870500177236,0.04607674333580916
0.2,1.2,6,180,30.0,died,5000,49,0.04178814382896015,0.03652385535507302,0.16180758017492708,0.037188208616780044,118.0,1.5438267255955487,0.28932581089047693,0.8921054701901959,69.76897771058297,0.05651121542293814
0.2,1.2,4,180,30.0,died,5000,49,0.05435698088759312,0.04457740033912904,0.2003887269193391,0.040362811791383214,113.14285714285714,1.596932826097475,0.2999653921339424,0.8439104569936329,66.01005649150585,0.06362621204713292
0.2,1.2,7,180,30.0,died,5000,49,0.03754454162617427,0.033805499231940254,0.15545837382572072,0.04909297052154195,117.34693877551021,1.54902273370392,0.2943004373086405,0.8632912095728751,73.44910498125229,0.05258870919422467
0.2,1.2,5,180,30.0,died,7000,69,0.04053370140326661,0.03236128406945462,0.1572578789970094,0.04412238325281803,114.6376811594203,1.5822343424008005,0.2943568662190392,0.858325835422742,93.75539395863652,0.04402472426502808
0.2,1.2,9,180,30.0,died,5500,54,0.04529688418577306,0.039035668614119126,0.1703115814226925,0.03847736625514403,114.74074074074075,1.5792625301523628,0.29181013388707755,0.8826140489281165,72.44243332557674,0.05223622778349971
0.2,1.2,8,180,30.0,died,7000,69,0.03351736829997699,0.027353012466449864,0.12981366459627328,0.039130434782608685,113.6231884057971,1.596290836939393,0.2907105103995816,0.843918275014923,105.36654491556857,0.035952629823298665
0.2,1.2,12,180,30.0,died,5500,54,0.04594356261022927,0.04040252597194172,0.18606701940035272,0.040432098765432085,112.07407407407408,1.6197277447794076,0.2879903546075348,0.8687906165138635,77.5347622972219,0.05350069486138128
0.2,1.2,11,180,30.0,died,5500,54,0.04309229864785419,0.03671248650277511,0.1636096413874191,0.03703703703703704,117.42592592592592,1.5465530181788498,0.287100336755311,0.8990373697205113,79.78244162134457,0.05187023667556455
0.2,1.2,13,180,30.0,died,5000,49,0.03676708778749594,0.03614174167913487,0.15821185617103983,0.039002267573696146,106.75510204081633,1.7033805459612439,0.28843887988828426,0.8700970067334359,69.97541478188467,0.04990378820567615
0.2,1.2,10,180,30.0,died,7000,69,0.03549574419139635,0.02865867971898625,0.13673798021624106,0.037600644122383245,116.81159420289855,1.5535448487013659,0.29073624915963614,0.9042801883889676,100.72910264098948,0.04092799189719412
0.2,1.2,14,180,30.0,died,7000,69,0.03508166551644812,0.030615953820334704,0.1359098228663446,0.039049919484702086,107.91304347826087,1.6788664227264338,0.2928007034517647,0.8661337604943146,102.39845683388967,0.040011045774592226
0.2,1.2,16,180,30.0,died,5000,49,0.05471331389698735,0.04386514929180286,0.21528992549400708,0.048185941043083894,114.73469387755102,1.5891303615352559,0.298157043644334,0.841040973423539,67.92235803959103,0.05379075543551212
0.2,1.2,15,180,30.0,died,5500,54,0.05461493239271017,0.04022995643559345,0.2029394473838918,0.04444444444444443,111.42592592592592,1.6406977883754512,0.2970578428501107,0.8054999504206127,71.40062596993043,0.055785221415293185
0.2,1.2,17,180,30.0,died,4500,44,0.04318181818181817,0.04025325044242131,0.17680375180375177,0.038131313131313134,113.25,1.6028683553489735,0.2898028017092811,0.8534689063998393,61.21991629776228,0.0600216919822003
0.2,1.2,18,180,30.0,died,4500,44,0.039430014430014426,0.036828418150523116,0.15559163059163056,0.043939393939393945,105.68181818181819,1.716233017516284,0.292952225341236,0.8820433937633024,65.1838322593302,0.05074083379960208
0.2,1.2,19,180,30.0,died,5500,54,0.03245149911816578,0.029117139365409068,0.1310699588477366,0.03991769547325102,99.38888888888889,1.8208039981295343,0.2897623726637414,0.8507056080813251,82.37901681558584,0.04205791978461751
0.3,0.01,0,180,24.49489742783178,chaos,8000,80,0.13882936507936505,0.08421289519535649,0.5285515873015872,0.061875,115.9,1.5658423022371957,0.33172450462772707,0.6172115998879102,57.208954966968214,0.11674567944794836
0.3,0.01,1,180,24.49489742783178,chaos,8000,80,0.11640873015873014,0.07380702470190148,0.4353769841269841,0.05819444444444444,114.3,1.5943677661712647,0.32653893876160167,0.6120042014136632,67.95509677188275,0.10120086145645783
0.3,0.01,2,180,24.49489742783178,chaos,8000,80,0.15085317460317457,0.09928755730580371,0.5853174603174602,0.060347222222222205,109.4375,1.6613916330460583,0.32420484202153393,0.6971706674452592,42.63228943351986,0.13004483152238883
0.3,0.01,3,180,24.49489742783178,chaos,8000,80,0.09668650793650792,0.06583502400129168,0.36974206349206346,0.055069444444444435,122.0625,1.4943615512173827,0.3251472087852048,0.4983539911215371,69.5815516499423,0.09912605089082045
0.3,0.01,6,180,24.49489742783178,chaos,8000,80,0.12700396825396826,0.0810767071762192,0.48121031746031734,0.05527777777777778,108.4125,1.6737555548434693,0.3255545752266341,0.6253015605075953,54.20259618392165,0.11327119384888548
0.3,0.01,5,180,24.49489742783178,chaos,8000,80,0.09807539682539682,0.06221228453610326,0.37347222222222215,0.050416666666666665,113.5625,1.6040522164252942,0.3231822415999974,0.5763411335203987,71.66299026623476,0.09615433925993386
0.3,0.01,4,180,24.49489742783178,chaos,8000,80,0.15087301587301585,0.09430163593468777,0.5762103174603174,0.06291666666666666,117.2125,1.556796981965045,0.3297183311419157,0.6154451078128194,56.40033999082449,0.12757603246307328
0.3,0.01,7,180,24.49489742783178,chaos,8000,80,0.11442460317460316,0.075312489049319,0.45234126984126977,0.059027777777777776,117.65,1.5405036810434034,0.32406973292660074,0.606907045818297,56.90392000045769,0.11579878091455556
0.3,0.01,9,180,24.49489742783178,chaos,8000,80,0.09918650793650792,0.0645798474706955,0.37240079365079354,0.052361111111111115,113.25,1.5999511902361547,0.32070203952053244,0.532564552200635,83.05842314147947,0.08911078223269171
0.3,0.01,8,180,24.49489742783178,chaos,8000,80,0.09638888888888887,0.061502871415066065,0.36575396825396816,0.056041666666666656,115.5875,1.5683479070624626,0.3296074355400246,0.5281180443732982,87.80823469150523,0.09392393736416485
0.3,0.01,10,180,24.49489742783178,chaos,8000,80,0.12156746031746031,0.07279652254209391,0.4791269841269841,0.06118055555555555,109.25,1.6609119091069622,0.3293561959147695,0.5689651631898376,74.93077881096175,0.0974638379390979
0.3,0.01,11,180,24.49489742783178,chaos,8000,80,0.13936507936507933,0.08574075122209021,0.535297619047619,0.0629861111111111,113.2,1.602642483203352,0.32539882033959155,0.6231463578335898,58.604093591754214,0.11402574253346916
0.3,0.01,12,180,24.49489742783178,chaos,8000,80,0.14595238095238092,0.09239725736945624,0.5736507936507935,0.06527777777777778,118.9,1.524428721093941,0.32919355278297074,0.6443390628314057,46.58829970273847,0.134544654718254
0.3,0.01,15,180,24.49489742783178,chaos,8000,80,0.07452380952380952,0.05117028476981458,0.2939880952380952,0.049791666666666665,113.675,1.5973227957347274,0.3175740750664084,0.5446104896091795,83.39849568054062,0.08359071686914692
0.3,0.01,13,180,24.49489742783178,chaos,8000,80,0.1041865079365079,0.06853499734053148,0.4002182539682539,0.053750000000000006,107.5125,1.681501969558166,0.3306317276176753,0.6104216312655036,71.7442496644517,0.09505207114552153
0.3,0.01,14,180,24.49489742783178,chaos,8000,80,0.14712301587301585,0.09477836295553077,0.5742460317460316,0.06229166666666667,119.125,1.531718186886545,0.32401448705835845,0.7047427517208567,46.598069579189385,0.1353737902698871
0.3,0.01,16,180,24.49489742783178,chaos,8000,80,0.10430555555555554,0.06645541637491525,0.4082738095238094,0.05479166666666666,111.2875,1.6340385231500965,0.3275082610748364,0.5668929555449885,72.62024175983636,0.09881238894829499
0.3,0.01,18,180,24.49489742783178,chaos,8000,80,0.10293650793650792,0.0688815697072481,0.3958730158730158,0.05437499999999999,111.75,1.6200749927670812,0.3163692175277877,0.6208836350048408,71.95479569985358,0.10932090595820432
0.3,0.01,17,180,24.49489742783178,chaos,8000,80,0.07226190476190475,0.04956936986123871,0.2856150793650793,0.0475,114.1625,1.5840947255377642,0.32332637883423737,0.501724185327783,90.53534726858345,0.08191856395595878
0.3,0.01,19,180,24.49489742783178,chaos,8000,80,0.09749999999999999,0.06567351878508365,0.3783531746031745,0.06701388888888889,109.2125,1.6585627025950864,0.32537882629249965,0.5667721274554275,70.97033248602588,0.10204778865803152
0.3,0.05,0,180,24.49489742783178,chaos,8000,80,0.11124999999999999,0.0695776821278794,0.4336904761904761,0.058680555555555555,105.2625,1.7216626040984824,0.31753752456216,0.668263788218493,70.56630686068011,0.10131329908835425
0.3,0.05,1,180,24.49489742783178,chaos,8000,80,0.16521825396825393,0.10683719871777071,0.6478968253968252,0.06402777777777777,112.875,1.6100683785898533,0.33086522786828615,0.6819862117844886,42.13302613808992,0.13809226012262954
0.3,0.05,2,180,24.49489742783178,chaos,8000,80,0.1313690476190476,0.08357895761535876,0.515079365079365,0.0636111111111111,114.8875,1.5787036008185427,0.3297082423902208,0.6492650302756239,43.06713202716518,0.123755088482942
0.3,0.05,3,180,24.49489742783178,chaos,8000,80,0.143531746031746,0.090873360828744,0.570813492063492,0.06131944444444444,114.4125,1.5920557972133809,0.3315974433829012,0.6436951409478933,49.45584248689245,0.12646562373232656
0.3,0.05,4,180,24.49489742783178,chaos,8000,80,0.13226190476190475,0.08768568585007767,0.49930555555555556,0.057986111111111106,114.0,1.588025152215597,0.3221189409955053,0.6845284872050972,47.95403756816783,0.12764712768739983
0.3,0.05,5,180,24.49489742783178,chaos,8000,80,0.10849206349206346,0.06815570479146224,0.4106349206349206,0.05638888888888889,110.2,1.6578685629091925,0.33209907024958163,0.5666922937627701,73.24618470521219,0.0875010295316698
0.3,0.05,7,180,24.49489742783178,chaos,8000,80,0.12164682539682536,0.08068110772963122,0.47515873015873,0.05638888888888889,116.45,1.5593415441158505,0.32475009794882537,0.6507705534697926,52.10718465140711,0.12717684739938534
0.3,0.05,6,180,24.49489742783178,chaos,8000,80,0.14946428571428566,0.09687943335594408,0.5742857142857142,0.06048611111111111,110.4,1.6435604378128943,0.32762424069176915,0.6884826067609431,51.84403953604974,0.1244090174878045
0.3,0.05,8,180,24.49489742783178,chaos,8000,80,0.16482142857142854,0.1020078742383966,0.6238095238095237,0.06013888888888889,113.1875,1.603375051910194,0.3218068397804198,0.6986399739673711,43.09704139966036,0.1384122362869175
0.3,0.05,9,180,24.49489742783178,chaos,8000,80,0.0976190476190476,0.06353690301036546,0.3751190476190476,0.05555555555555556,112.725,1.6151710037081475,0.32448874015948126,0.5018334417128859,79.22783477737426,0.09096928781932796
0.3,0.05,10,180,24.49489742783178,chaos,8000,80,0.1049206349206349,0.06964659960429409,0.4104365079365079,0.06027777777777776,118.475,1.5302610503727285,0.32736335305643666,0.5423359004854863,74.9140678100567,0.10979760548456974
0.3,0.05,12,180,24.49489742783178,chaos,8000,80,0.10934523809523808,0.0715329524776838,0.41412698412698407,0.05819444444444444,119.25,1.5276065607709888,0.3204666434781312,0.5958598548143655,62.88559964232782,0.11267667178724014
0.3,0.05,11,180,24.49489742783178,chaos,8000,80,0.15896825396825393,0.09939551049778617,0.6117460317460317,0.060138888888888895,116.0,1.5749246955328793,0.3352277785166861,0.6856219647238428,35.57412241575621,0.1450371695529714
0.3,0.05,13,180,24.49489742783178,chaos,8000,80,0.10263888888888886,0.06404803723170016,0.37994047619047616,0.059375,121.3125,1.5030852835899957,0.3263134975364195,0.5390743928933233,84.65486319323546,0.09750545928792623
0.3,0.05,15,180,24.49489742783178,chaos,8000,80,0.1359523809523809,0.08915565014297906,0.5416269841269841,0.06430555555555555,115.075,1.581169682141319,0.32295620279658815,0.5912282589966504,54.64088223984536,0.11212686631770319
0.3,0.05,14,180,24.49489742783178,chaos,8000,80,0.1439285714285714,0.0931867285634239,0.550376984126984,0.06409722222222222,116.925,1.5594469741368755,0.3250663168713956,0.6489494495061352,50.27337088286519,0.12838468375851433
0.3,0.05,16,180,24.49489742783178,chaos,8000,80,0.11345238095238094,0.07302125817583723,0.4307142857142857,0.054305555555555565,112.35,1.6183022769403081,0.32342290005869917,0.5853234062472373,64.55010490274992,0.10434847328888049
0.3,0.05,17,180,24.49489742783178,died,7500,74,0.08459888459888458,0.054116129333661236,0.32445302445302443,0.05022522522522521,114.01351351351352,1.6029709128443668,0.3216709052635962,0.4700139442724677,73.4005841559527,0.07171615033193235
0.3,0.05,18,180,24.49489742783178,chaos,8000,80,0.11174603174603175,0.07791399334737444,0.4367261904761904,0.05465277777777777,114.825,1.585109605176013,0.3189733760428214,0.631437885149459,54.21320875199582,0.11594349328405729
0.3,0.05,19,180,24.49489742783178,chaos,8000,80,0.14126984126984127,0.09269727720504581,0.5427777777777777,0.06187499999999999,112.675,1.6147663103464762,0.3298907073346567,0.6858313605304069,52.80309591453802,0.13129957176050552
0.3,0.1,1,180,24.49489742783178,chaos,8000,80,0.13095238095238093,0.08091166100739962,0.5045833333333333,0.05798611111111111,114.9125,1.5929075189658064,0.33157456824479337,0.5870758178100901,61.67651497636446,0.11775105311087422
0.3,0.1,0,180,24.49489742783178,chaos,8000,80,0.12480158730158727,0.08102616022736883,0.4761507936507935,0.057986111111111106,115.8875,1.5674865365567376,0.31930190811333337,0.6165814652971603,66.0310721868653,0.11546732226377196
0.3,0.1,3,180,24.49489742783178,chaos,8000,80,0.15444444444444444,0.10152839231441899,0.6013690476190475,0.06222222222222222,117.225,1.5502122082315688,0.3318391175827549,0.6717840423129862,37.83011405572846,0.13192905237700894
0.3,0.1,2,180,24.49489742783178,chaos,8000,80,0.14628968253968253,0.09123191836264596,0.5592063492063492,0.06124999999999999,111.45,1.6339808662906428,0.32696614734814017,0.630736424501214,47.778814292494076,0.1180677918881758
0.3,0.1,4,180,24.49489742783178,chaos,8000,80,0.12853174603174602,0.08073892556823807,0.4746825396825397,0.05958333333333332,112.1625,1.626198185053599,0.3303958602855805,0.6317021553892176,72.13823172115355,0.11150415286504552
0.3,0.1,5,180,24.49489742783178,chaos,8000,80,0.09398809523809522,0.062393277460238,0.35952380952380947,0.05611111111111111,107.2875,1.693036428254787,0.3256256311613011,0.5467271299025807,83.73492634370979,0.08139439458705375
0.3,0.1,6,180,24.49489742783178,chaos,8000,80,0.09545634920634918,0.06384440755456207,0.36898809523809517,0.05083333333333333,112.275,1.6130429429828534,0.3180868034086356,0.5625641722039812,85.12174061664882,0.09246051769242614
0.3,0.1,7,180,24.49489742783178,chaos,8000,80,0.08805555555555553,0.05783571118780582,0.3393055555555555,0.05340277777777778,114.3125,1.582892611387344,0.32041204601753936,0.527505566915291,80.8109004287428,0.08580689315449694
0.3,0.1,8,180,24.49489742783178,chaos,8000,80,0.141031746031746,0.09406188209521057,0.5527182539682538,0.06048611111111111,114.425,1.590206126308169,0.3278858033979311,0.6894980709624037,46.53495812976315,0.1313083953545792
0.3,0.1,10,180,24.49489742783178,chaos,8000,80,0.1247222222222222,0.07785507693105323,0.4802777777777777,0.05965277777777778,119.475,1.5281531546162206,0.3224975213105446,0.6182927311207006,63.228321448019244,0.11280091012124176
0.3,0.1,9,180,24.49489742783178,chaos,8000,80,0.10206349206349205,0.06681032166603021,0.39156746031746026,0.05500000000000001,115.9,1.5688897948414418,0.32796755428528435,0.5541519386855448,78.2661529505975,0.09205257034986428
0.3,0.1,13,180,24.49489742783178,chaos,8000,80,0.09571428571428568,0.0637549375983738,0.36166666666666664,0.049722222222222216,112.1125,1.627039011721911,0.3188017540299092,0.5260560234090623,76.70707096269851,0.08796684962362064
0.3,0.1,12,180,24.49489742783178,chaos,8000,80,0.12218253968253964,0.08008950704758659,0.462142857142857,0.058958333333333335,119.0875,1.5270588232872764,0.3235297079054017,0.5512406964361029,68.11494589894417,0.11652028742323872
0.3,0.1,11,180,24.49489742783178,chaos,8000,80,0.11027777777777777,0.07235083572751566,0.42071428571428554,0.05638888888888889,115.9,1.5767499193330958,0.3246926346479976,0.5800412128667286,67.43862037994725,0.1037342649591948
0.3,0.1,14,180,24.49489742783178,chaos,8000,80,0.07839285714285713,0.05093456538912552,0.3031944444444444,0.05305555555555556,117.75,1.5445907290054535,0.32046269355981005,0.469756321154896,93.21413739101622,0.07443706373858705
0.3,0.1,15,180,24.49489742783178,died,7500,74,0.05519090519090517,0.0379641826467569,0.20808665808665805,0.052777777777777764,104.08108108108108,1.7344236555887536,0.3136203784739081,0.5969275144000956,103.3310828239955,0.0547268371064765
0.3,0.1,16,180,24.49489742783178,chaos,8000,80,0.09259920634920633,0.060862285616115466,0.3738492063492063,0.05854166666666667,116.4,1.5597944509604083,0.322096340411429,0.5003241862188179,91.40041456706751,0.08840388169554785
0.3,0.1,17,180,24.49489742783178,chaos,8000,80,0.09400793650793648,0.06247447640480015,0.36874999999999997,0.05576388888888889,113.2375,1.6020998326382547,0.3161945758803302,0.5436691366608744,80.94548687698371,0.08906169586883661
0.3,0.1,18,180,24.49489742783178,chaos,8000,80,0.10238095238095238,0.06364482804958371,0.39210317460317456,0.05305555555555556,107.65,1.687783395585899,0.32402662668518617,0.601338482621707,81.430421745506,0.09901581714955857
0.3,0.2,0,180,24.49489742783178,died,8000,79,0.06260799678521195,0.045769433480794666,0.25242113723126375,0.046483825597749634,115.81012658227849,1.5624370491348165,0.32087141543732633,0.39870817074263876,100.2855249858652,0.06488850792075387
0.3,0.1,19,180,24.49489742783178,chaos,8000,80,0.13740079365079363,0.0889552755054551,0.5344246031746029,0.05951388888888889,115.875,1.56915677179735,0.3274883152052991,0.6380893019183516,55.60618255199995,0.12255459655682824
0.3,0.2,1,180,24.49489742783178,chaos,8000,80,0.13738095238095235,0.09205495488120748,0.5395833333333332,0.05930555555555554,116.975,1.5489678877113555,0.32320422152362677,0.6677326290624326,50.52300273893364,0.1300393519284453
0.3,0.2,2,180,24.49489742783178,chaos,8000,80,0.1361111111111111,0.08436566621412385,0.5275198412698412,0.06375,117.225,1.5585595272324646,0.3406457202792059,0.5644823071410755,61.349644460109275,0.11379775641858395
0.3,0.2,3,180,24.49489742783178,chaos,8000,80,0.13259920634920636,0.08233518493937676,0.5029563492063491,0.06277777777777778,121.2625,1.5030852360502043,0.32634984202385436,0.5931489263564089,52.19193185915435,0.11729918259099792
0.3,0.2,4,180,24.49489742783178,chaos,8000,80,0.157281746031746,0.10094918129440758,0.6136904761904761,0.06666666666666667,114.7375,1.5880771993259586,0.33477137177164085,0.6151366934815534,53.32139191819149,0.12537052986573136
0.3,0.2,5,180,24.49489742783178,chaos,8000,80,0.14388888888888887,0.08826655969166651,0.5411309523809523,0.06472222222222221,114.75,1.5906316053707978,0.3256101474821621,0.6385671347297259,52.48602943643259,0.11594260305130936
0.3,0.2,7,180,24.49489742783178,chaos,8000,80,0.08291666666666665,0.05587556403990692,0.33446428571428566,0.05631944444444444,116.075,1.566591056519891,0.3290893014437889,0.567117485018076,82.60365414635224,0.08972595919770268
0.3,0.2,8,180,24.49489742783178,chaos,8000,80,0.12337301587301583,0.07637362755722492,0.4723809523809523,0.057499999999999996,111.1125,1.6340279394845034,0.32041570645373574,0.5760448264897852,65.85879259056443,0.10969368130553243
0.3,0.2,6,180,24.49489742783178,chaos,8000,80,0.11091269841269838,0.07351742169995432,0.4346031746031745,0.057222222222222216,109.1,1.6639946277765894,0.31776244894653927,0.6396402663300349,63.52181020601965,0.10899536958884178
0.3,0.2,9,180,24.49489742783178,chaos,8000,80,0.11543650793650792,0.07586695395314454,0.45339285714285704,0.061805555555555544,116.075,1.5636038737656335,0.3249922308907341,0.5807317823126313,71.05113862200477,0.10068097453975478
0.3,0.2,10,180,24.49489742783178,chaos,8000,80,0.09646825396825395,0.06644204788677924,0.37676587301587294,0.054027777777777786,114.9125,1.5761022084445595,0.3214749639429447,0.5578096625957165,78.60376350513786,0.09365490077220329
0.3,0.2,12,180,24.49489742783178,chaos,8000,80,0.15255952380952378,0.09582629818903958,0.5906150793650793,0.06444444444444444,109.25,1.6615778812181863,0.3235390762600557,0.6781866074779238,47.79842866374342,0.13032556892567443
0.3,0.2,11,180,24.49489742783178,chaos,8000,80,0.11720238095238093,0.07781161041226148,0.47398809523809515,0.05972222222222221,116.625,1.5607549861374688,0.3349398045851578,0.559335134137874,59.510082772306376,0.11050373030360987
0.3,0.2,13,180,24.49489742783178,chaos,8000,80,0.14999999999999997,0.09259513898808736,0.5659722222222221,0.060416666666666674,113.85,1.5981676740268387,0.3244119924097475,0.6850530489791448,44.66202124797127,0.13180798179520975
0.3,0.2,15,180,24.49489742783178,chaos,8000,80,0.10857142857142857,0.06692197694342773,0.4187896825396825,0.05423611111111111,107.1625,1.6951311985914963,0.31251348087630537,0.6406109777167934,77.20090595903393,0.09104972560767578
0.3,0.2,14,180,24.49489742783178,chaos,8000,80,0.1316071428571428,0.0883418321114279,0.5127380952380951,0.05944444444444445,115.925,1.56500948402357,0.3296138001018848,0.6555506610870918,43.06146979126477,0.13018846115081106
0.3,0.2,17,180,24.49489742783178,chaos,8000,80,0.09309523809523808,0.06370185788958292,0.3614087301587301,0.050416666666666665,106.5,1.7030062574706186,0.322725645274837,0.6295823224530859,73.30687045637626,0.0920596514700642
0.3,0.2,16,180,24.49489742783178,chaos,8000,80,0.07561507936507936,0.050644278089402216,0.28964285714285704,0.05465277777777777,111.1625,1.634195992177427,0.32810762151199074,0.4542646820565565,89.44738386488208,0.07676444467686991
0.3,0.2,19,180,24.49489742783178,chaos,8000,80,0.12817460317460316,0.07893854658059066,0.49781746031746027,0.061388888888888896,114.425,1.5836698073297835,0.3265153283993147,0.6249269102088431,68.84697881644863,0.11064730327847942
0.3,0.4,0,180,24.49489742783178,chaos,8000,80,0.13089285714285712,0.08403712878047127,0.5100198412698412,0.06180555555555556,114.2375,1.5930942779589965,0.3281938932634765,0.5772210804144293,62.406581080247676,0.11228130519497452
0.3,0.2,18,180,24.49489742783178,chaos,8000,80,0.1271031746031746,0.08157989817101649,0.4892658730158729,0.06104166666666666,117.1375,1.5574451532937652,0.3268845121263515,0.5809615369347783,61.21068368302467,0.11665568439836926
0.3,0.4,1,180,24.49489742783178,chaos,8000,80,0.08773809523809521,0.05718732147754774,0.3426984126984126,0.05166666666666666,115.175,1.5789943367875299,0.3279200902512146,0.544047947369774,83.96930620427722,0.08229398505713466
0.3,0.4,2,180,24.49489742783178,chaos,8000,80,0.15458333333333335,0.10163972415567761,0.6001785714285713,0.06354166666666668,113.7125,1.593483116230176,0.3254585561269695,0.6577746393686275,52.36131081319032,0.12724045688508714
0.3,0.4,3,180,24.49489742783178,chaos,8000,80,0.10331349206349205,0.06901423062564979,0.4136111111111111,0.06715277777777777,111.8875,1.6229352085845836,0.32360304713146204,0.6078449371775658,67.66343199020037,0.10895571043957819
0.3,0.4,6,180,24.49489742783178,chaos,8000,80,0.09126984126984125,0.06167141677318986,0.3644444444444444,0.05111111111111111,113.425,1.6049312358493002,0.32097768730423726,0.610059021701626,79.75518292905099,0.0939058500352928
0.3,0.4,4,180,24.49489742783178,chaos,8000,80,0.08904761904761901,0.056788462573654205,0.3456150793650793,0.0523611111111111,110.9125,1.6346039255474174,0.31805902885820475,0.6134823294512282,85.79490202740833,0.08576259944495604
0.3,0.4,5,180,24.49489742783178,chaos,8000,80,0.15789682539682537,0.10291299011333552,0.5941666666666665,0.06333333333333332,114.45,1.5948689723773808,0.3316318886011499,0.6446781283218153,42.32792590822526,0.13443851445594573
0.3,0.4,8,180,24.49489742783178,chaos,8000,80,0.12444444444444443,0.08244058929968892,0.49124999999999996,0.05756944444444444,117.8,1.5523606422326268,0.32626005846475453,0.5803837558084324,56.17895939471778,0.11676357904693432
0.3,0.4,7,180,24.49489742783178,chaos,8000,80,0.08045634920634918,0.04869377421559219,0.30085317460317457,0.05486111111111112,117.225,1.5437284509470282,0.32986502547811936,0.4630858206634773,98.01545399326568,0.07644148791491781
0.3,0.4,9,180,24.49489742783178,chaos,8000,80,0.10746031746031744,0.07000895613433619,0.41666666666666663,0.05340277777777778,111.1,1.636467844798601,0.3199801070329302,0.6048832930831424,74.6926912016921,0.10302118835097955
0.3,0.4,10,180,24.49489742783178,chaos,8000,80,0.14541666666666664,0.09723787958109077,0.5668650793650792,0.061111111111111116,113.45,1.6144839677787477,0.3282226013838369,0.6533258296315231,58.483201517579005,0.12485994100383122
0.3,0.4,11,180,24.49489742783178,chaos,8000,80,0.12948412698412698,0.07969313699355944,0.48706349206349203,0.06187499999999999,115.6,1.5735170966576724,0.32502202485685566,0.6431753319057233,60.6933283614688,0.11666263975260652
0.3,0.4,12,180,24.49489742783178,chaos,8000,80,0.0901190476190476,0.0607173249344521,0.35934523809523805,0.05659722222222222,116.7375,1.551351127812017,0.3235678715512661,0.47191612905552366,81.09843511091579,0.0899728697106172
0.3,0.4,13,180,24.49489742783178,chaos,8000,80,0.10783730158730157,0.07310931853234466,0.43676587301587294,0.06270833333333334,113.65,1.6062424850514982,0.33004345530819784,0.5390127819831111,80.52666600118395,0.09936881050098967
0.3,0.4,14,180,24.49489742783178,chaos,8000,80,0.1102579365079365,0.07020066930370342,0.4167658730158729,0.06222222222222222,113.05,1.6068756125796848,0.32108677868492863,0.5503532864717731,76.41333068667126,0.10420326471675845
0.3,0.4,17,180,24.49489742783178,chaos,8000,80,0.12089285714285711,0.08063132192618686,0.4742857142857142,0.05937499999999999,114.4375,1.5920377797791074,0.32878658320547843,0.574724440334475,62.075547943487855,0.10260909988359232
0.3,0.4,15,180,24.49489742783178,chaos,8000,80,0.14686507936507934,0.09145271078320395,0.5520238095238095,0.06159722222222223,116.3625,1.560158976808977,0.3316199705135177,0.6154895215773193,53.05541089698293,0.12906437622517702
0.3,0.4,16,180,24.49489742783178,chaos,8000,80,0.08950396825396822,0.06027046001870786,0.35978174603174595,0.05381944444444444,109.7125,1.6572644101392602,0.32534572663810574,0.5133648477813184,91.6947101203597,0.08580748730300897
0.3,0.4,18,180,24.49489742783178,chaos,8000,80,0.14716269841269838,0.09309636140401298,0.5656150793650794,0.05965277777777778,110.4125,1.644715254876088,0.3280223913988477,0.6339424360190467,55.80556457672465,0.12038110035621756
0.3,0.4,19,180,24.49489742783178,chaos,8000,80,0.1075595238095238,0.06827549408820292,0.40960317460317447,0.05743055555555556,113.5,1.599850050753125,0.3231241622004375,0.5397540317450561,73.4851310873589,0.10041630145890204
0.3,0.8,0,180,24.49489742783178,chaos,8000,80,0.1275595238095238,0.08293465614240325,0.4841666666666665,0.059444444444444446,109.6125,1.6544925349959172,0.3222007456438118,0.6526406829279606,63.03367079780689,0.11104736952027042
0.3,0.8,3,180,24.49489742783178,chaos,8000,80,0.08765873015873013,0.06125196836990634,0.3445833333333333,0.050208333333333334,111.15,1.6261674478666852,0.3173992113449213,0.5366945773193776,76.76566987221534,0.08650391235966064
0.3,0.8,1,180,24.49489742783178,chaos,8000,80,0.12408730158730157,0.07896692096954142,0.4748214285714285,0.057291666666666664,119.075,1.5268348992171323,0.3251918901940998,0.6112719765802185,56.78431601268968,0.11511116449866657
0.3,0.8,4,180,24.49489742783178,chaos,8000,80,0.10787698412698413,0.07013860681123855,0.4011507936507936,0.0523611111111111,106.0125,1.7078140087738447,0.3300945294861048,0.6580596491411193,72.5133416898631,0.09690118567215608
0.3,0.8,2,180,24.49489742783178,chaos,8000,80,0.12384920634920633,0.07917022037985366,0.4680158730158729,0.06069444444444444,116.9,1.5557112207929862,0.3326854600494895,0.5848938281616217,59.082442631445744,0.11649980848357969
0.3,0.8,5,180,24.49489742783178,chaos,8000,80,0.12392857142857139,0.08029762621670196,0.49442460317460313,0.06375,120.6875,1.5144399098182357,0.32596470647109843,0.5334181835823405,69.76147329746613,0.10765713020306378
0.3,0.8,7,180,24.49489742783178,chaos,8000,80,0.10595238095238094,0.0727564235722292,0.4049603174603174,0.05465277777777777,116.3125,1.5663336185243308,0.3207061196680252,0.5485107503649704,67.95543752456197,0.10198457676241213
0.3,0.8,6,180,24.49489742783178,chaos,8000,80,0.11823412698412697,0.0779315857647868,0.45503968253968247,0.058125,114.1,1.5941680643107417,0.3306774752588605,0.601544989271618,53.86404965999386,0.11050948477517912
0.3,0.8,8,180,24.49489742783178,chaos,8000,80,0.1130753968253968,0.07402514623970932,0.4367658730158729,0.056666666666666664,117.975,1.5465264677578776,0.32839461271467696,0.5411059378021005,73.36305447144905,0.10103298046020885
0.3,0.8,9,180,24.49489742783178,chaos,8000,80,0.09601190476190476,0.06574352293999079,0.39265873015873015,0.059999999999999984,110.6875,1.6422924827686054,0.33013575873782947,0.597736045338391,73.13739290702958,0.09787370256893124
0.3,0.8,10,180,24.49489742783178,chaos,8000,80,0.10031746031746029,0.0695882592676996,0.397876984126984,0.058680555555555555,116.0375,1.5690608229098637,0.3264482715142324,0.6304681561504716,72.76820248219965,0.10416457774242112
0.3,0.8,11,180,24.49489742783178,chaos,8000,80,0.12472222222222222,0.08040607987675194,0.47178571428571425,0.05604166666666667,115.85,1.5713517219398967,0.321931449873663,0.6289210993874894,55.56369403164729,0.11632333074436238
0.3,0.8,14,180,24.49489742783178,chaos,8000,80,0.138531746031746,0.08934114520188971,0.5385515873015873,0.06291666666666666,113.9,1.5943444509939886,0.32695575054111325,0.5758604635447714,64.17891777880477,0.12176348345356303
0.3,0.8,12,180,24.49489742783178,chaos,8000,80,0.10930555555555554,0.0706018356872754,0.4065277777777777,0.052013888888888894,113.025,1.605901388229985,0.3262440037509558,0.5725514549557893,68.50726147493867,0.10773698206090572
0.3,0.8,13,180,24.49489742783178,chaos,8000,80,0.13628968253968252,0.08883508839824009,0.5130357142857143,0.06305555555555556,117.925,1.548015007540539,0.32465720952441435,0.5832723963866356,56.37328831945554,0.12326409991813214
0.3,0.8,15,180,24.49489742783178,chaos,8000,80,0.14039682539682538,0.08967137314713787,0.531765873015873,0.05951388888888889,117.3625,1.5533964577269905,0.32185003576163923,0.6325119968576038,45.84380616233244,0.12308008586925352
0.3,0.8,16,180,24.49489742783178,chaos,8000,80,0.09990079365079363,0.06392330941675668,0.3791468253968253,0.05249999999999999,112.9375,1.6105412625245408,0.3311969111712417,0.5245219255506738,74.90846288323857,0.09564343498403119
0.3,0.8,17,180,24.49489742783178,chaos,8000,80,0.13309523809523807,0.08773485395863663,0.5166071428571428,0.06048611111111111,110.35,1.6518639858956754,0.3268603166430837,0.6691313977515291,63.96885049483186,0.12215621927906377
0.3,1.2,0,180,24.49489742783178,chaos,8000,80,0.08509920634920634,0.0561365477899336,0.326547619047619,0.05263888888888888,117.2,1.5466422890619338,0.32130198620314204,0.450646001034812,97.69559012645944,0.07836547606876756
0.3,0.8,18,180,24.49489742783178,chaos,8000,80,0.12194444444444444,0.08059792690363024,0.46454365079365073,0.058333333333333334,118.175,1.5417548582125644,0.3279312401822783,0.5846173812208614,57.77733867535064,0.10972523149772513
0.3,0.8,19,180,24.49489742783178,chaos,8000,80,0.1197222222222222,0.07759444703382332,0.4579761904761904,0.06673611111111111,111.8,1.6213217079136277,0.322068723880529,0.6132123058864428,69.21116971403698,0.11058224480191134
0.3,1.2,2,180,24.49489742783178,died,8000,79,0.07191078963230861,0.047581209604476836,0.27118746232670277,0.046483825597749634,115.26582278481013,1.574699346278944,0.3307761687467714,0.48271922794673816,90.81748762336021,0.07272541482919156
0.3,1.2,3,180,24.49489742783178,chaos,8000,80,0.12396825396825395,0.08361559531473431,0.47007936507936493,0.05555555555555556,115.8875,1.5737987709748995,0.3223544715682441,0.6120645388843077,60.54558508077323,0.11787307923126229
0.3,1.2,1,180,24.49489742783178,chaos,8000,80,0.13626984126984124,0.09156686854146474,0.528452380952381,0.058125,113.2125,1.6078664177677378,0.32408088850341416,0.6490617939035198,53.5432176906359,0.1254871055647119
0.3,1.2,4,180,24.49489742783178,chaos,8000,80,0.15456349206349201,0.09788258461221906,0.5905158730158728,0.06277777777777778,116.675,1.5693583974729726,0.3322570451923174,0.6054031200750332,57.68830853817112,0.12252849902312271
0.3,1.2,5,180,24.49489742783178,chaos,8000,80,0.13517857142857143,0.08849778016591894,0.5021031746031744,0.06027777777777776,114.775,1.5840026715114117,0.3240034030120643,0.5966896710004008,63.14659920494491,0.1172399463415043
0.3,1.2,6,180,24.49489742783178,chaos,8000,80,0.14113095238095236,0.0892501264326076,0.5178571428571427,0.05708333333333333,113.55,1.6016908193133197,0.3226374854753768,0.5993142888016978,59.00747565405236,0.12296260068635315
0.3,1.2,7,180,24.49489742783178,chaos,8000,80,0.1421031746031746,0.09248832653829855,0.5469444444444443,0.06298611111111112,113.25,1.6009871309901378,0.32694306851935606,0.6351453134142422,60.970514319165986,0.12313088130888472
0.3,1.2,8,180,24.49489742783178,chaos,8000,80,0.12664682539682537,0.08603104452076774,0.48583333333333323,0.05881944444444444,113.9625,1.596493536186556,0.3173319447525029,0.6493806164851033,54.179138332615274,0.12170147703476301
0.3,1.2,10,180,24.49489742783178,chaos,8000,80,0.10178571428571428,0.0699147891888847,0.40045634920634915,0.05798611111111111,107.4625,1.6893668721314181,0.32523675994121337,0.5841916558002437,72.15038622129072,0.09147698775887254
0.3,1.2,9,180,24.49489742783178,chaos,8000,80,0.08986111111111109,0.06310322069954115,0.34706349206349196,0.05513888888888889,117.3125,1.5478801547316354,0.3363348640706513,0.5591244942023652,87.22898667101963,0.08533183172568085
0.3,1.2,11,180,24.49489742783178,chaos,8000,80,0.14134920634920634,0.0918939247054571,0.5548809523809524,0.06354166666666666,113.7875,1.6011414340760877,0.32696956492251983,0.6416028572237832,54.226017664893355,0.1186848414804881
0.3,1.2,12,180,24.49489742783178,chaos,8000,80,0.13869047619047617,0.09174448798811512,0.5477182539682539,0.06520833333333334,116.3625,1.5607491946966285,0.3290781321072207,0.6372686170967782,53.45178807854741,0.12005131678737549
0.3,1.2,13,180,24.49489742783178,chaos,8000,80,0.12567460317460316,0.08225165400292533,0.47704365079365074,0.056180555555555546,117.775,1.547045445703911,0.3300385256762154,0.6269347056300143,56.863069767497315,0.12258176776573011
0.3,1.2,14,180,24.49489742783178,chaos,8000,80,0.1407738095238095,0.09436339130790208,0.5461507936507936,0.06187499999999999,116.375,1.562691929425533,0.32878068223205853,0.6204054628340332,54.1897721699597,0.1263778505113788
0.3,1.2,15,180,24.49489742783178,chaos,8000,80,0.15902777777777777,0.10312403928285352,0.5871230158730157,0.06326388888888887,116.125,1.5622757264527778,0.3220293486128888,0.7051590284314655,51.89303897509544,0.13480292639437325
0.3,1.2,17,180,24.49489742783178,chaos,8000,80,0.14888888888888885,0.09548079992564398,0.5654563492063491,0.05902777777777777,115.225,1.5888039997162922,0.32723007445513363,0.6746165920252868,37.49531913279875,0.13542217532379652
0.3,1.2,16,180,24.49489742783178,chaos,8000,80,0.1328373015873016,0.08907928604881674,0.5257936507936506,0.059375,114.825,1.5838633339802612,0.3312161923428681,0.6273017363492314,58.06604906964994,0.12262319552005704
0.3,1.2,18,180,24.49489742783178,chaos,8000,80,0.11557539682539682,0.07797491939340165,0.42976190476190473,0.05625,109.3375,1.6662063689114295,0.32247679610760727,0.6057641378227405,70.64676768962288,0.10570865269572025
0.4,0.01,0,180,21.213203435596427,chaos,8000,80,0.2880753968253968,0.17034365831917167,1.1135714285714284,0.08027777777777777,98.525,1.8413531333085813,0.34462687500652545,0.7274132268245704,27.15544301959511,0.17336410106629122
0.3,1.2,19,180,24.49489742783178,chaos,8000,80,0.10156746031746029,0.0686087843190528,0.3810515873015872,0.05368055555555555,116.5875,1.5627207893286452,0.3207685032945803,0.5639523333210386,65.87577207673834,0.098332253356796
0.4,0.01,1,180,21.213203435596427,chaos,8000,80,0.3075595238095238,0.1851038254462602,1.1749603174603171,0.08180555555555555,99.2875,1.8282619250834067,0.3370802744460335,0.7438767015198648,18.698355803455996,0.18307394149122022
0.4,0.01,2,180,21.213203435596427,chaos,8000,80,0.30799603174603163,0.19179319507692302,1.2130555555555553,0.09055555555555556,99.225,1.82710334288234,0.35046114164753595,0.7437769670792163,22.36713264197253,0.17502490953687935
0.4,0.01,4,180,21.213203435596427,chaos,8000,80,0.2541865079365079,0.15997647502165419,1.0302579365079363,0.08236111111111111,100.65,1.8031774033348078,0.34378472759747414,0.6902962589520371,28.431689347951295,0.15011664836247496
0.4,0.01,3,180,21.213203435596427,chaos,8000,80,0.3088492063492063,0.1821674416264351,1.1519642857142856,0.07805555555555554,96.5,1.8827943741330961,0.3465086443702886,0.7449594726744668,20.823930427722324,0.1783918930676926
0.4,0.01,5,180,21.213203435596427,chaos,8000,80,0.2869246031746031,0.17573760986076117,1.1446230158730155,0.08743055555555554,101.2625,1.7918899533861654,0.3490992866407551,0.7142258639234005,25.405801776301537,0.165932034495836
0.4,0.01,7,180,21.213203435596427,chaos,8000,80,0.3036507936507936,0.18481732110359841,1.2078968253968252,0.08895833333333333,99.775,1.8203951108076186,0.34236835458800763,0.7219487162487429,28.877936080780966,0.1726403551521868
0.4,0.01,6,180,21.213203435596427,chaos,8000,80,0.2963888888888888,0.17612372672268148,1.1267460317460316,0.08444444444444445,100.3125,1.8029918326817793,0.3432789459052238,0.7203208079951418,23.79142961734179,0.16712303744414267
0.4,0.01,9,180,21.213203435596427,chaos,8000,80,0.2823214285714285,0.17122883996839305,1.0903571428571426,0.08013888888888888,102.975,1.7675147897655097,0.3469252706126499,0.733974107301681,24.41198642926768,0.17228088738355635
0.4,0.01,8,180,21.213203435596427,chaos,8000,80,0.2920039682539682,0.17819804088612184,1.1235119047619047,0.0820138888888889,100.85,1.7978345295004832,0.3393604433059898,0.7295034645096055,27.114698780970762,0.1808426142817266
0.4,0.01,10,180,21.213203435596427,chaos,8000,80,0.3081547619047619,0.18953898773425523,1.190515873015873,0.08520833333333333,98.2625,1.8455507454085989,0.35084902270444884,0.7230737603301007,26.82582611768951,0.16777765586061438
0.4,0.01,11,180,21.213203435596427,chaos,8000,80,0.2948015873015873,0.1778835823942126,1.1428373015873015,0.0817361111111111,101.0625,1.7986156664675945,0.35149342713162135,0.7177356665236386,20.475848994180545,0.1711187182327973
0.4,0.01,12,180,21.213203435596427,chaos,8000,80,0.314563492063492,0.18960400601342364,1.198115079365079,0.08298611111111112,96.0375,1.8882926274530138,0.35081713240738505,0.7216258198289616,26.02294145120976,0.17276092163433227
0.4,0.01,13,180,21.213203435596427,chaos,8000,80,0.29894841269841266,0.17347722677859512,1.1585714285714281,0.08388888888888887,99.9125,1.8104174619749263,0.35608215502226004,0.7072922262709129,21.820778167734808,0.1751688971758187
0.4,0.01,14,180,21.213203435596427,chaos,8000,80,0.2986706349206349,0.1795749090493747,1.1718253968253967,0.08888888888888888,99.9125,1.8132552378600735,0.3482123165502286,0.7320730892328604,26.472871407219724,0.17551635461242637
0.4,0.01,16,180,21.213203435596427,chaos,8000,80,0.2998412698412698,0.17353944157670873,1.1367658730158727,0.08076388888888889,99.9625,1.8124418151881643,0.3461247269047541,0.7308822772444437,22.273615280306046,0.17584472192159675
0.4,0.01,15,180,21.213203435596427,chaos,8000,80,0.3180555555555555,0.17918983736605795,1.2289682539682538,0.08597222222222223,101.05,1.7934116311047767,0.35068897930033716,0.7290861669373675,23.06024995577735,0.1635590872661529
0.4,0.01,18,180,21.213203435596427,chaos,8000,80,0.290297619047619,0.1762688448654201,1.104940476190476,0.07756944444444444,99.6875,1.8206660149230955,0.34547508068612254,0.7412695846882936,21.095289736851434,0.17390473196526762
0.4,0.01,17,180,21.213203435596427,chaos,8000,80,0.2784722222222221,0.1693162572339865,1.0936507936507933,0.08513888888888889,101.35,1.7867224717275,0.34486924852610323,0.7112401620905583,28.827464664252766,0.16476421390280827
0.4,0.01,19,180,21.213203435596427,chaos,8000,80,0.31234126984126975,0.18651703957291807,1.1943055555555553,0.08208333333333333,99.1,1.8249438532524422,0.3463296580379757,0.739079116216559,22.40643051632197,0.18069679784736487
0.4,0.05,2,180,21.213203435596427,chaos,8000,80,0.29313492063492064,0.1814284975194164,1.1477182539682538,0.08270833333333331,98.975,1.8312970442675716,0.35035504276713425,0.7301826505053477,25.374013252296134,0.16984179774335953
0.4,0.05,1,180,21.213203435596427,chaos,8000,80,0.32253968253968246,0.19439467290734583,1.2282142857142855,0.09013888888888888,101.125,1.7990484788937515,0.35198436017758594,0.7281255491590668,21.11538153096676,0.17826256999357398
0.4,0.05,0,180,21.213203435596427,chaos,8000,80,0.3035119047619047,0.18052091790766225,1.1441865079365077,0.08222222222222222,97.9125,1.8535466556272489,0.34842956369185973,0.7288705547618374,25.045767186306215,0.1638862143883419
0.4,0.05,3,180,21.213203435596427,chaos,8000,80,0.31269841269841264,0.191734118017367,1.2078174603174603,0.08861111111111111,100.6,1.8033957914009355,0.3505419934616459,0.7125156037355318,23.48317624492829,0.1708976596181111
0.4,0.05,4,180,21.213203435596427,chaos,8000,80,0.2951984126984127,0.17500195049011652,1.1464682539682536,0.08305555555555555,100.6625,1.802682047725964,0.3467925943063682,0.7230088920896286,21.11694585820343,0.1763892765912567
0.4,0.05,5,180,21.213203435596427,chaos,8000,80,0.29795634920634917,0.18531029340660984,1.1642261904761901,0.07874999999999999,97.425,1.8692580563394325,0.34217647107698484,0.7475776993420246,18.259773324963646,0.18209539783806244
0.4,0.05,6,180,21.213203435596427,chaos,8000,80,0.31650793650793646,0.1844003653304626,1.1989880952380951,0.08520833333333333,97.6625,1.8566048877941834,0.3542121286214833,0.7379675619706769,23.262171461982824,0.1723217207314372
0.4,0.05,7,180,21.213203435596427,chaos,8000,80,0.2848015873015872,0.17321941979802008,1.1066071428571427,0.08493055555555555,103.1875,1.7625625603959878,0.34977995190478794,0.718892097099907,23.043031255987962,0.16299186109400693
0.4,0.05,8,180,21.213203435596427,chaos,8000,80,0.3102182539682539,0.1842936609687553,1.1935912698412694,0.08868055555555555,101.2125,1.792689417406575,0.34693056273948886,0.7326963100332081,24.084433887047616,0.1672119802885022
0.4,0.05,9,180,21.213203435596427,chaos,8000,80,0.292797619047619,0.1802774822895273,1.1458730158730157,0.08923611111111111,99.975,1.815628493372616,0.34211372126059475,0.6927828324848562,29.457366165071015,0.1672862805747596
0.4,0.05,10,180,21.213203435596427,chaos,8000,80,0.3137301587301587,0.18626776700614203,1.221488095238095,0.09131944444444444,101.4875,1.786836829037103,0.3427105796081685,0.7333603547218248,22.690914235484243,0.17706604485473906
0.4,0.05,11,180,21.213203435596427,chaos,8000,80,0.3018849206349206,0.18063788804081043,1.1546230158730157,0.08062499999999999,96.35,1.885341645692971,0.3412433050607512,0.7371708729724181,22.92736121107628,0.1706180091196911
0.4,0.05,13,180,21.213203435596427,chaos,8000,80,0.29533730158730154,0.1781962101325027,1.1388690476190473,0.08374999999999999,100.175,1.8160497272932168,0.349220733808205,0.7376457413386219,20.87927167561552,0.16925400326571757
0.4,0.05,12,180,21.213203435596427,chaos,8000,80,0.3116468253968253,0.18666296495832543,1.1896230158730157,0.08298611111111111,97.7625,1.8580037159192642,0.3432428887277018,0.7301553942248249,23.62184550094971,0.17478019130502473
0.4,0.05,15,180,21.213203435596427,chaos,8000,80,0.29980158730158724,0.17517862077432395,1.1533928571428569,0.08798611111111111,100.525,1.803006455589307,0.34910877942676577,0.7235929382546814,26.455647508931143,0.16790306347837208
0.4,0.05,14,180,21.213203435596427,chaos,8000,80,0.3085714285714285,0.1896089005226184,1.1692261904761903,0.08604166666666666,99.7125,1.8237392575961693,0.3430997012139043,0.7514451162773704,22.695333568195522,0.19061352358593936
0.4,0.05,16,180,21.213203435596427,chaos,8000,80,0.2957738095238095,0.17556335676905377,1.1426190476190474,0.08201388888888889,99.0875,1.826104775710342,0.3470228655753831,0.7129084239536857,31.22625527797054,0.16507737947042447
0.4,0.05,17,180,21.213203435596427,chaos,8000,80,0.3150396825396825,0.1864809805871635,1.2261904761904758,0.08888888888888888,102.225,1.7771492795233144,0.34432105084439024,0.7139252672502088,23.401891905647382,0.16926128711048624
0.4,0.05,18,180,21.213203435596427,chaos,8000,80,0.2959920634920635,0.16940977344128863,1.1015873015873017,0.07881944444444444,97.6125,1.856632427932475,0.34453398039008193,0.7117349176943577,28.52542618598028,0.16546324179303135
0.4,0.05,19,180,21.213203435596427,chaos,8000,80,0.2815277777777777,0.1770264655309249,1.090813492063492,0.08381944444444445,101.6125,1.7866143131189234,0.3451968453035096,0.7366853318655473,22.057779220621832,0.18273957143999073
0.4,0.1,0,180,21.213203435596427,chaos,8000,80,0.2787896825396825,0.17089231398105134,1.0710119047619044,0.0792361111111111,100.875,1.7979417714910446,0.3490667468348112,0.7236802111647314,20.77655667002528,0.16695575715585326
0.4,0.1,1,180,21.213203435596427,chaos,8000,80,0.30916666666666665,0.1839892915771864,1.1774206349206346,0.08249999999999999,101.1625,1.7951584022212752,0.3476369352136534,0.7470993002085391,19.89519036996829,0.17913863326308557
0.4,0.1,2,180,21.213203435596427,chaos,8000,80,0.26625,0.16764585390317543,1.022063492063492,0.07826388888888888,99.9375,1.8156946634581417,0.33990067755786374,0.7031149600806866,34.58567290064258,0.16224457277320914
0.4,0.1,4,180,21.213203435596427,chaos,8000,80,0.3100198412698412,0.18821795148008671,1.1716865079365077,0.08277777777777777,99.8125,1.8137723798133034,0.34893402568032367,0.7272035158367578,19.97507123855044,0.17203229738886539
0.4,0.1,3,180,21.213203435596427,chaos,8000,80,0.3317658730158729,0.20028989541783146,1.2714484126984125,0.08347222222222223,96.375,1.8874053386113083,0.35776583307194887,0.727471241088421,19.16676553945709,0.18957016924818088
0.4,0.1,7,180,21.213203435596427,chaos,8000,80,0.30843253968253964,0.18444158788566323,1.1815277777777777,0.08631944444444443,101.4875,1.7881710995405626,0.35351343721516787,0.7313018067521625,25.131307278281508,0.17497697881352187
0.4,0.1,6,180,21.213203435596427,chaos,8000,80,0.3124007936507936,0.18878415020586825,1.1934126984126983,0.08548611111111111,99.1,1.830214833012635,0.34410120578318204,0.7355597565881212,21.214896418365292,0.17221633119906396
0.4,0.1,5,180,21.213203435596427,chaos,8000,80,0.29392857142857143,0.17758960986660838,1.119861111111111,0.08048611111111112,97.7625,1.8561541639756753,0.3402120526094195,0.7381497354928669,22.043621867958258,0.17600860097003243
0.4,0.1,8,180,21.213203435596427,chaos,8000,80,0.2868055555555555,0.17084634532236653,1.076111111111111,0.08347222222222223,99.6125,1.8238786552928072,0.348452252759643,0.7171532878962441,27.31496650421003,0.1674737995155869
0.4,0.1,9,180,21.213203435596427,chaos,8000,80,0.2726587301587301,0.1760911382590927,1.0980555555555553,0.08374999999999999,98.55,1.8379648850220351,0.33913750013081645,0.7261068862992468,27.46621063931688,0.16762374329395271
0.4,0.1,10,180,21.213203435596427,chaos,8000,80,0.29166666666666663,0.17298410973045736,1.1145238095238093,0.08381944444444445,99.625,1.8180170803537574,0.3510452646172488,0.7203874284287246,27.461625428405362,0.16103499760456463
0.4,0.1,11,180,21.213203435596427,chaos,8000,80,0.2825198412698412,0.1745503524631919,1.082579365079365,0.0851388888888889,104.0375,1.7446183113269509,0.34536779656893135,0.7069387317014997,27.963318134654532,0.16814700749101377
0.4,0.1,12,180,21.213203435596427,chaos,8000,80,0.31057539682539675,0.1817976596584469,1.1720634920634918,0.08090277777777778,97.875,1.8544000224847434,0.35044585711953047,0.7319642887414641,19.127517547373703,0.1726397488100591
0.4,0.1,13,180,21.213203435596427,chaos,8000,80,0.2918650793650793,0.17439206867678553,1.125079365079365,0.0798611111111111,100.6125,1.8048517256464642,0.33785180035470064,0.7480695146036347,20.376512239008992,0.1739620615640758
0.4,0.1,14,180,21.213203435596427,chaos,8000,80,0.3018055555555555,0.1796931286243421,1.1456746031746028,0.08743055555555555,100.7375,1.7996088045088137,0.35798134629644923,0.7189198807004238,23.53498882071121,0.16827987448335474
0.4,0.1,16,180,21.213203435596427,chaos,8000,80,0.31136904761904755,0.19501887433094053,1.192361111111111,0.08659722222222221,105.4,1.7180445543259517,0.34291159745946,0.7522276002077625,16.999736354668926,0.19012430774327777
0.4,0.1,15,180,21.213203435596427,chaos,8000,80,0.33460317460317457,0.2033793458407412,1.2650595238095235,0.08854166666666666,101.275,1.7913418108303092,0.35314469865933096,0.7451916412799111,18.056294936255135,0.1957218581426888
0.4,0.1,18,180,21.213203435596427,chaos,8000,80,0.30746031746031743,0.18135044575328432,1.1927182539682537,0.08715277777777777,99.675,1.8161352117088074,0.3568005973477417,0.7113603479880231,23.421158897530947,0.15987373317001796
0.4,0.1,17,180,21.213203435596427,chaos,8000,80,0.29343253968253963,0.17087967924465836,1.1342658730158728,0.08465277777777777,101.1375,1.7954305433030655,0.3573859886807622,0.6907977781690231,32.69577126847988,0.15845138827988264
0.4,0.1,19,180,21.213203435596427,chaos,8000,80,0.3043849206349206,0.18357021346873242,1.1665277777777774,0.08520833333333333,101.3125,1.7889159923995173,0.34614475091580016,0.7259578260085284,26.288025538187743,0.1811480951163465
0.4,0.2,1,180,21.213203435596427,chaos,8000,80,0.2971230158730158,0.178428388327842,1.1777777777777776,0.07902777777777778,96.6875,1.8764076549799955,0.345065798122852,0.7314517813303288,20.388922084478097,0.17151844044678302
0.4,0.2,0,180,21.213203435596427,chaos,8000,80,0.30013888888888884,0.178631234264948,1.1907341269841267,0.08458333333333332,100.2,1.8179341904730149,0.34869090991427687,0.7329842153536346,21.34214959473119,0.1767156146864319
0.4,0.2,2,180,21.213203435596427,chaos,8000,80,0.3016269841269841,0.17764677960923453,1.1446031746031742,0.086875,103.3875,1.7569733013540705,0.34741069047009177,0.7190526195507349,27.455173068761233,0.17399134953950482
0.4,0.2,3,180,21.213203435596427,chaos,8000,80,0.28335317460317455,0.17616454740745618,1.1273611111111108,0.08416666666666667,99.5625,1.820097884445041,0.3418445305283141,0.7384989737446489,23.716468672339882,0.16631186005744142
0.4,0.2,4,180,21.213203435596427,chaos,8000,80,0.3164880952380952,0.18329670954759636,1.1940277777777777,0.08409722222222223,100.55,1.8056352219069893,0.3560054908590226,0.7205338190090596,22.075045798427123,0.17388187836680422
0.4,0.2,5,180,21.213203435596427,chaos,8000,80,0.31807539682539676,0.1923753435595069,1.2188690476190474,0.08506944444444445,97.575,1.86295055640947,0.3499065792922768,0.7301751494433373,19.60263985834197,0.17917873046056534
0.4,0.2,6,180,21.213203435596427,chaos,8000,80,0.2831150793650793,0.17431768277276077,1.112222222222222,0.08562499999999999,100.125,1.8105462521225597,0.34023020481565136,0.7066109132160378,29.782370991238103,0.169453151977357
0.4,0.2,7,180,21.213203435596427,chaos,8000,80,0.2996428571428571,0.18746214270064168,1.1673809523809522,0.08277777777777777,99.75,1.8175252489812639,0.3381657639141495,0.753270406747907,21.217636463239945,0.18139062699686045
0.4,0.2,8,180,21.213203435596427,chaos,8000,80,0.3026587301587301,0.1873008702541911,1.1533928571428569,0.07965277777777777,100.225,1.809939957862293,0.3486471858152731,0.7458765814043768,20.985706226491914,0.17415372947977228
0.4,0.2,10,180,21.213203435596427,chaos,8000,80,0.2912301587301587,0.17889437610490225,1.11781746031746,0.07868055555555556,97.6125,1.8576886905864776,0.33845498266436247,0.7422150762734976,25.28569263567602,0.17409373776121556
0.4,0.2,12,180,21.213203435596427,chaos,8000,80,0.3139285714285714,0.19023920240903672,1.2010912698412697,0.09055555555555556,97.725,1.854250133435043,0.3465090303349564,0.7350789262923619,25.891758567689088,0.17743895805562648
0.4,0.2,11,180,21.213203435596427,chaos,8000,80,0.3181944444444444,0.1850865990625763,1.2427579365079364,0.09083333333333335,102.5375,1.7700074103398102,0.36709118475841024,0.7202939971171313,21.791569748418837,0.16885368089400407
0.4,0.2,9,180,21.213203435596427,chaos,8000,80,0.29815476190476187,0.1778755198504463,1.1637301587301585,0.0817361111111111,98.975,1.831310316045037,0.349776562239986,0.7182335066566525,25.157486993539237,0.17290421985523988
0.4,0.2,13,180,21.213203435596427,chaos,8000,80,0.28724206349206344,0.17157025756204156,1.1048214285714284,0.079375,100.5625,1.806494653446677,0.3438614433633543,0.7194727080271264,25.934388059636394,0.16702004332968437
0.4,0.2,15,180,21.213203435596427,chaos,8000,80,0.29353174603174603,0.17289522237013316,1.1102579365079364,0.08354166666666667,100.475,1.8037484733509217,0.3461035565484517,0.7283656709360038,24.56759620039434,0.16462978096991554
0.4,0.2,14,180,21.213203435596427,chaos,8000,80,0.3081746031746031,0.17648954990397522,1.2027380952380953,0.08868055555555554,100.4625,1.806696759703335,0.35425600758392506,0.7243042886777282,25.723767924120295,0.1664149612427946
0.4,0.2,16,180,21.213203435596427,chaos,8000,80,0.2948412698412698,0.17572855702792473,1.152599206349206,0.08687500000000001,103.2875,1.7592910223812388,0.35305592639642835,0.7148899818896173,23.61809861879915,0.1738540886208743
0.4,0.2,19,180,21.213203435596427,chaos,8000,80,0.31974206349206347,0.19841032388729768,1.2287896825396822,0.0848611111111111,98.025,1.8491709941947623,0.3509332372339958,0.7383198182339055,19.596956851477593,0.17586040939744882
0.4,0.2,17,180,21.213203435596427,chaos,8000,80,0.29744047619047614,0.1807181988501502,1.1350396825396825,0.08145833333333333,97.95,1.8517483721684056,0.34295451071195193,0.7102575163879186,27.800467029855156,0.17430644886587507
0.4,0.2,18,180,21.213203435596427,chaos,8000,80,0.2807539682539682,0.17347813081519775,1.1085714285714283,0.08236111111111111,100.1875,1.8110372872280003,0.3443099361285806,0.7222495851408536,29.38792558964864,0.17053215356772833
0.4,0.4,0,180,21.213203435596427,chaos,8000,80,0.3112896825396825,0.1803495932083458,1.1860119047619047,0.08784722222222222,98.9,1.8361873158139723,0.341912823655997,0.7180749650741041,29.79139861626905,0.17634544816112668
0.4,0.4,1,180,21.213203435596427,chaos,8000,80,0.2857738095238095,0.17480876493139236,1.1152182539682536,0.08118055555555555,101.85,1.7770857591625855,0.3451557297054243,0.7232060079824685,22.93211894319682,0.17430614519586327
0.4,0.4,2,180,21.213203435596427,chaos,8000,80,0.2875,0.16841453337589768,1.1206746031746029,0.08402777777777777,102.675,1.7676085324454704,0.3487446255962031,0.6915255958811821,34.50026172827385,0.15987916000919203
0.4,0.4,3,180,21.213203435596427,chaos,8000,80,0.30601190476190465,0.18165038003608755,1.14781746031746,0.08201388888888887,101.2625,1.7945848334069492,0.34784582321988566,0.733008838474287,23.104688638403175,0.1751522951966599
0.4,0.4,4,180,21.213203435596427,chaos,8000,80,0.27499999999999997,0.17413890240584867,1.0744642857142854,0.08243055555555555,100.85,1.7962279518723165,0.3449313795630717,0.7233196238351778,25.95446424581437,0.16616303834797144
0.4,0.4,7,180,21.213203435596427,chaos,8000,80,0.3037103174603174,0.18342688486991998,1.1603174603174602,0.08520833333333333,100.1125,1.8108481119052535,0.34683771713594136,0.7334615385905401,24.828577562186933,0.1767504850403923
0.4,0.4,5,180,21.213203435596427,chaos,8000,80,0.3103571428571428,0.18724181733374037,1.2223809523809521,0.08604166666666666,99.4375,1.8243976312815608,0.3614203128169319,0.7183606714668714,22.924193486103945,0.17160095383868806
0.4,0.4,6,180,21.213203435596427,chaos,8000,80,0.3162301587301587,0.18867449206799886,1.2294444444444441,0.08465277777777777,97.2375,1.8618697129304074,0.36350404991069996,0.712945587158058,26.5877940019523,0.1679520736647302
0.4,0.4,9,180,21.213203435596427,chaos,8000,80,0.3149603174603174,0.19044679950169283,1.2198015873015868,0.08472222222222221,99.375,1.828311366481067,0.34703722409764065,0.7504313146391255,18.814234953107796,0.17103272095345845
0.4,0.4,8,180,21.213203435596427,chaos,8000,80,0.3204960317460317,0.18989006241265122,1.212738095238095,0.08499999999999999,98.8125,1.8380880939214013,0.34531037561406536,0.748383254566326,21.761024954844476,0.18964205229248135
0.4,0.4,10,180,21.213203435596427,chaos,8000,80,0.30001984126984127,0.18193743757067607,1.1575396825396824,0.08784722222222222,102.6875,1.765639250474552,0.3476043362633363,0.6916259187326451,29.767303863529776,0.15522784737552855
0.4,0.4,11,180,21.213203435596427,chaos,8000,80,0.3099007936507936,0.19066039968862153,1.2162499999999998,0.08166666666666667,98.325,1.8458218333197753,0.34446963173798667,0.7580695143520773,17.861893825316344,0.18444204113999688
0.4,0.4,12,180,21.213203435596427,chaos,8000,80,0.32785714285714274,0.1985004328492889,1.2816468253968252,0.08958333333333333,99.725,1.8192504160697065,0.3555471263645317,0.7339029378099561,20.63418422643983,0.18250096610960648
0.4,0.4,13,180,21.213203435596427,chaos,8000,80,0.30307539682539675,0.1834603620639673,1.167063492063492,0.08381944444444445,97.5,1.8587301651483386,0.35250377289573126,0.7281530638068687,23.359458617974223,0.17017934944417085
0.4,0.4,14,180,21.213203435596427,chaos,8000,80,0.29781746031746026,0.1772559582950411,1.1480555555555554,0.09194444444444445,100.1,1.8114182948867743,0.3561206085555383,0.6700682824447386,33.313778007797055,0.1549195204869022
0.4,0.4,15,180,21.213203435596427,chaos,8000,80,0.30785714285714283,0.18731674337618878,1.1941865079365077,0.0913888888888889,100.975,1.7951571972103373,0.3468421680063384,0.7283904636933272,24.818936002023122,0.1742107686610558
0.4,0.4,16,180,21.213203435596427,chaos,8000,80,0.30882936507936504,0.18267099356319264,1.1744444444444442,0.08451388888888889,98.075,1.8518521029036386,0.3451701776190765,0.7295810010920499,24.104745357452934,0.17861177824243762
0.4,0.4,17,180,21.213203435596427,chaos,8000,80,0.32640873015873006,0.1914459411361801,1.2353174603174601,0.08562499999999999,99.7625,1.8217294075949488,0.35496358392440636,0.7237257602233405,24.191616964543336,0.17678636724779137
0.4,0.4,18,180,21.213203435596427,chaos,8000,80,0.2988492063492063,0.18837439008214657,1.1597023809523808,0.08618055555555555,100.425,1.806105278564153,0.34225456732089593,0.7267951842355188,23.011025965812067,0.16997869920677533
0.4,0.4,19,180,21.213203435596427,chaos,8000,80,0.299126984126984,0.1839017501698263,1.1314285714285712,0.07972222222222222,97.9,1.8509419455149225,0.34022250979597823,0.7565707354208315,20.093902027455194,0.1765270355228284
0.4,0.8,0,180,21.213203435596427,chaos,8000,80,0.28565476190476186,0.16702001255878113,1.0950992063492062,0.08229166666666667,103.0875,1.7687314222239245,0.34674115025716545,0.6974864455875049,26.63306177022493,0.16823334069602658
0.4,0.8,2,180,21.213203435596427,chaos,8000,80,0.3175198412698412,0.1902046759937994,1.2493253968253966,0.09194444444444444,101.0125,1.79679592750119,0.347333870579265,0.7359476364070362,24.942435349394565,0.17074844790447322
0.4,0.8,1,180,21.213203435596427,chaos,8000,80,0.2841269841269841,0.1740645648189058,1.1054166666666665,0.08104166666666665,100.9,1.7969039687338557,0.3456691216975668,0.7330295703469984,20.894639570407172,0.1617503762723105
0.4,0.8,4,180,21.213203435596427,chaos,8000,80,0.29994047619047615,0.1736913040510592,1.1583333333333332,0.08555555555555554,99.525,1.821852425424641,0.3492855843918088,0.6938558222559795,31.36544302151134,0.16809229871963355
0.4,0.8,3,180,21.213203435596427,chaos,8000,80,0.29958333333333326,0.18426364295428105,1.1663888888888887,0.08541666666666665,97.1125,1.8682337416484482,0.3498578315514801,0.7301804289372671,22.1213811426408,0.16818339574309457
0.4,0.8,6,180,21.213203435596427,chaos,8000,80,0.2942261904761904,0.18118849061209366,1.1786309523809522,0.08923611111111111,103.2875,1.7528764518215076,0.3424804412840197,0.7261261780956073,20.846101531821425,0.1889741125957677
0.4,0.8,5,180,21.213203435596427,chaos,8000,80,0.32222222222222213,0.1927023854161361,1.2175396825396825,0.0892361111111111,101.5625,1.7873107029583761,0.3474128825795238,0.7348225584726199,23.61992597571716,0.19584336044680486
0.4,0.8,8,180,21.213203435596427,chaos,8000,80,0.30422619047619043,0.18529491359463712,1.1881944444444443,0.08104166666666665,99.8375,1.818361557856757,0.35153389411914254,0.7411437800992277,19.545348480075244,0.17878353480029324
0.4,0.8,7,180,21.213203435596427,chaos,8000,80,0.31281746031746027,0.18706218470879818,1.2167460317460315,0.08409722222222223,98.05,1.8501611366739987,0.35579999530363926,0.7176250996666429,23.265008835341735,0.1736889140200771
0.4,0.8,9,180,21.213203435596427,chaos,8000,80,0.29718253968253966,0.17662150913152855,1.1178571428571424,0.07763888888888888,97.85,1.8532712314137618,0.33608998272592433,0.7417403936930291,26.397125646880976,0.1744793954145149
0.4,0.8,10,180,21.213203435596427,chaos,8000,80,0.2714087301587301,0.1648156377715077,1.0485912698412698,0.0767361111111111,98.8625,1.839083626617804,0.34484527777873,0.7310342682638701,25.115433224229648,0.17552716267238633
0.4,0.8,11,180,21.213203435596427,chaos,8000,80,0.3210912698412698,0.18481888439826105,1.2441865079365075,0.08694444444444444,102.8,1.7647572979793558,0.36197376893153793,0.7192440034743861,22.20126545470872,0.17502130090206833
0.4,0.8,12,180,21.213203435596427,chaos,8000,80,0.3164087301587301,0.19117252537098595,1.2071031746031744,0.08680555555555555,101.05,1.796067511988701,0.3432912367137596,0.7455228183214999,19.79134510041897,0.1764235426538097
0.4,0.8,13,180,21.213203435596427,chaos,8000,80,0.32422619047619045,0.19330314554352857,1.226031746031746,0.08562499999999999,99.5875,1.8250389907035216,0.3465989947645438,0.7362869165744842,20.47268009249051,0.18376721438492297
0.4,0.8,14,180,21.213203435596427,chaos,8000,80,0.3048412698412698,0.18250974180382756,1.158988095238095,0.07986111111111112,100.1,1.811540528892947,0.34186182189383746,0.7358533424854649,19.577591696780722,0.18406308140512653
0.4,0.8,15,180,21.213203435596427,chaos,8000,80,0.30950396825396814,0.18852063995956375,1.1724999999999999,0.08034722222222221,99.275,1.8308664616163857,0.34628366662690385,0.7387056730977472,20.822289333544752,0.17877467720394719
0.4,0.8,16,180,21.213203435596427,chaos,8000,80,0.2944047619047619,0.17199536507919286,1.110952380952381,0.08006944444444444,98.4625,1.8380393971934432,0.34193865312081184,0.7206897008965962,29.237314717350728,0.17228059087460376
0.4,0.8,17,180,21.213203435596427,chaos,8000,80,0.29533730158730154,0.18395131134749765,1.1356349206349203,0.08645833333333333,98.375,1.8447616066735208,0.34954191907965726,0.7124518874650639,23.530280336934958,0.16888777864962595
0.4,0.8,18,180,21.213203435596427,chaos,8000,80,0.29210317460317453,0.1771725720750112,1.0965873015873016,0.08215277777777777,99.35,1.8264489362470022,0.3419954918813959,0.7095927164376169,25.283747516785745,0.16756253994132547
0.4,0.8,19,180,21.213203435596427,chaos,8000,80,0.2792658730158729,0.1651099275009673,1.0571825396825396,0.079375,100.9125,1.8020235328776715,0.34026430555064546,0.7048432277817802,31.974528959912202,0.17641548252318492
0.4,1.2,1,180,21.213203435596427,chaos,8000,80,0.32047619047619047,0.19031549051746452,1.2106349206349205,0.08875,101.625,1.7807090837519932,0.3486257205084584,0.7435314735363161,21.625487983927744,0.1833017075453955
0.4,1.2,0,180,21.213203435596427,chaos,8000,80,0.29837301587301585,0.18373915154290582,1.1365277777777776,0.08090277777777777,99.1875,1.8296564811581988,0.3414529905554386,0.7520048993897315,20.774724490050552,0.182732877062453
0.4,1.2,3,180,21.213203435596427,chaos,8000,80,0.3052380952380952,0.1864161606298767,1.1874007936507933,0.08590277777777777,100.6,1.8016919305345325,0.34641021791967636,0.7290155136576623,23.810167814900442,0.17735216670107726
0.4,1.2,2,180,21.213203435596427,chaos,8000,80,0.2950992063492063,0.18270911889849425,1.1203174603174602,0.07951388888888888,100.1625,1.8110165333587276,0.34413854451529174,0.7208002247357753,23.631994941930536,0.17668455064959596
0.4,1.2,5,180,21.213203435596427,chaos,8000,80,0.3161309523809523,0.19248854622431946,1.2324206349206346,0.08673611111111111,98.3,1.8456767696112102,0.3451075930545149,0.7401723839572029,22.24201776561909,0.17281386023136586
0.4,1.2,4,180,21.213203435596427,chaos,8000,80,0.3327182539682539,0.19826935380580207,1.2424206349206348,0.08430555555555555,99.925,1.8165845090778716,0.34312589513705544,0.7531465566395006,19.460182785425737,0.1820523022161767
0.4,1.2,6,180,21.213203435596427,chaos,8000,80,0.3034523809523809,0.17865026129212783,1.1582341269841268,0.08416666666666668,101.8875,1.7872659871009393,0.34611081151961287,0.733332422461723,25.826097657849495,0.17061239001487924
0.4,1.2,7,180,21.213203435596427,chaos,8000,80,0.2978968253968253,0.18046113552596244,1.1351984126984125,0.08340277777777778,102.2375,1.7796495686152327,0.3481857988880482,0.7213263307703736,26.275109767392017,0.17614104786057588
0.4,1.2,8,180,21.213203435596427,chaos,8000,80,0.31273809523809515,0.19251761800117073,1.2027777777777775,0.08534722222222221,100.1375,1.8196908726071839,0.3516773539292461,0.731634611683769,20.318884343976908,0.17828411753854173
0.4,1.2,9,180,21.213203435596427,chaos,8000,80,0.2855555555555555,0.1838283564263273,1.1036904761904762,0.0801388888888889,103.1875,1.759525629178195,0.33568808750289153,0.7541666360590492,20.036197947721796,0.18470128649557815
0.4,1.2,10,180,21.213203435596427,chaos,8000,80,0.29067460317460314,0.17211258772174398,1.0884126984126983,0.08194444444444444,99.6,1.8279755206745,0.34450209369844503,0.7006157000450901,27.52598651829977,0.1652413740828786
0.4,1.2,12,180,21.213203435596427,chaos,8000,80,0.2798015873015872,0.17760785551483282,1.1054960317460316,0.0875,102.0625,1.7825892640115844,0.35376029807270853,0.6898019467556897,29.566317769691846,0.15281654432952826
0.4,1.2,11,180,21.213203435596427,chaos,8000,80,0.30146825396825394,0.18240712769815398,1.1499801587301586,0.08305555555555555,96.5125,1.8804614513608784,0.3469795767122192,0.7176217604997139,25.654142827159166,0.16394621434469445
0.4,1.2,14,180,21.213203435596427,chaos,8000,80,0.3000396825396825,0.18199196766406733,1.161944444444444,0.08208333333333333,98.725,1.8388187174011748,0.3513562232455317,0.7247758054846241,25.277953199129303,0.16543177593693903
0.4,1.2,13,180,21.213203435596427,chaos,8000,80,0.31928571428571423,0.19266407214615164,1.2211309523809522,0.08555555555555554,98.2,1.8503792430369124,0.34921807278808314,0.7396749420613825,21.59855767448868,0.16816795766918208
0.4,1.2,15,180,21.213203435596427,chaos,8000,80,0.2949801587301587,0.17749329496194471,1.1502976190476188,0.08159722222222222,100.9875,1.8000190191916565,0.3411839862681123,0.744965637055006,22.21450601489789,0.16869428131341496
0.4,1.2,16,180,21.213203435596427,chaos,8000,80,0.31575396825396823,0.18985076296248987,1.1840873015873015,0.08277777777777778,95.8875,1.895002508632826,0.33916688674927,0.7569296738313761,19.805117108874875,0.17634382918444774
0.4,1.2,17,180,21.213203435596427,chaos,8000,80,0.32976190476190476,0.19835862876912463,1.244642857142857,0.08770833333333333,100.4875,1.8121800813117286,0.35112215512358674,0.7466354321530717,21.207800603200088,0.1838718255489534
0.4,1.2,18,180,21.213203435596427,chaos,8000,80,0.29573412698412693,0.1803950169102896,1.141428571428571,0.08472222222222221,98.5,1.843047461098014,0.35066076384097944,0.7334058157821115,26.336971852225293,0.16768892303262314
0.4,1.2,19,180,21.213203435596427,chaos,8000,80,0.2953968253968253,0.1868478733544747,1.1235714285714284,0.07972222222222222,99.1125,1.8356604987376492,0.3359593781166505,0.7572652164083198,21.40616225883515,0.17487356742058174
0.5,0.01,1,180,18.973665961010276,chaos,8000,80,0.4413095238095238,0.26687440280804664,1.7409126984126981,0.1086111111111111,88.8625,2.0419500354556406,0.36197169579195376,0.7604243806921575,12.515243980166915,0.1980902818358179
0.5,0.01,3,180,18.973665961010276,chaos,8000,80,0.4276984126984127,0.2568544898988611,1.7099404761904757,0.10999999999999999,88.2375,2.0584812967272863,0.364897036989073,0.7348929541015349,16.00038038626537,0.1901183888687319
0.5,0.01,2,180,18.973665961010276,chaos,8000,80,0.42293650793650783,0.25004937965428575,1.639126984126984,0.09493055555555555,88.725,2.0455706023127207,0.3613095116336167,0.74336538275975,16.82111750542705,0.2020424818908459
0.5,0.01,0,180,18.973665961010276,chaos,8000,80,0.44513888888888875,0.2619232452162411,1.7216468253968251,0.10118055555555557,87.5625,2.069674384675193,0.362033091063235,0.7384056697583977,13.27875126278496,0.19617042344435237
0.5,0.01,4,180,18.973665961010276,chaos,8000,80,0.45426587301587296,0.26541606814822905,1.7617460317460314,0.10986111111111112,87.9375,2.0639896800802013,0.3683249979691465,0.7362975648579604,16.660282813255066,0.19844259218233745
0.5,0.01,5,180,18.973665961010276,chaos,8000,80,0.43134920634920626,0.25746264871953284,1.6970436507936504,0.1063888888888889,89.4125,2.0295855259097424,0.3613254214437359,0.7475710928003274,14.83801229041688,0.19605160934007643
0.5,0.01,6,180,18.973665961010276,chaos,8000,80,0.46198412698412683,0.2680411453294325,1.8096626984126978,0.10729166666666665,86.7375,2.09291168924377,0.36054207302465385,0.7459052386044709,16.208308210600194,0.19095233317333996
0.5,0.01,7,180,18.973665961010276,chaos,8000,80,0.4791468253968253,0.27489617997425614,1.8667658730158727,0.109375,87.35,2.077420742382458,0.36119601927051803,0.7499363452998378,15.086115898633304,0.20316385501193213
0.5,0.01,8,180,18.973665961010276,chaos,8000,80,0.4377579365079365,0.2556190416551816,1.7047222222222218,0.10229166666666667,89.7625,2.022003997605825,0.36005213223739674,0.747663837965694,15.786353431182414,0.19960826453127486
0.5,0.01,9,180,18.973665961010276,chaos,8000,80,0.4163888888888888,0.2503372134130578,1.646944444444444,0.1015972222222222,89.1875,2.028220760029408,0.3583357740564116,0.75031095714369,15.07665746561051,0.18747017955750928
0.5,0.01,10,180,18.973665961010276,chaos,8000,80,0.43277777777777765,0.2625593105850255,1.7367261904761904,0.103125,90.0125,2.0135037877367674,0.35942317617282127,0.7454457113597761,15.128790332936486,0.20466590362737058
0.5,0.01,11,180,18.973665961010276,chaos,8000,80,0.43624999999999997,0.25260095549251205,1.6740079365079361,0.1017361111111111,88.175,2.057743134861729,0.35628888743876325,0.7425900003382295,14.736095024091345,0.19456721182450498
0.5,0.01,12,180,18.973665961010276,chaos,8000,80,0.4614880952380952,0.2692358975601383,1.762142857142857,0.1078472222222222,88.7,2.041721958731956,0.36142489382583404,0.743491604310913,15.396772537595728,0.20389931494172703
0.5,0.01,14,180,18.973665961010276,chaos,8000,80,0.4630753968253966,0.27253806054815566,1.825039682539682,0.10951388888888887,87.65,2.069049757892806,0.3624945071344253,0.7627098552494116,15.32199119719482,0.19735463910713338
0.5,0.01,13,180,18.973665961010276,chaos,8000,80,0.42793650793650784,0.25488712377282313,1.6722023809523807,0.1,86.525,2.09519191871429,0.3568494191651282,0.7584960336284204,15.48937082218789,0.20354082282736802
0.5,0.01,15,180,18.973665961010276,chaos,8000,80,0.4317261904761904,0.24976157066797305,1.6543452380952375,0.09902777777777778,88.2625,2.057463719575832,0.36206197715471944,0.7489446582054476,17.255439771283683,0.19346963237405818
0.5,0.01,16,180,18.973665961010276,chaos,8000,80,0.4244642857142857,0.2495079791375913,1.6501190476190473,0.10208333333333333,87.9,2.064788105945644,0.3550139206029902,0.7511244016674278,16.99296336229502,0.19550121263865836
0.5,0.01,17,180,18.973665961010276,chaos,8000,80,0.4367658730158729,0.2640619210719942,1.7298611111111106,0.10659722222222223,89.175,2.032679142823987,0.36376305425156874,0.7354104657931189,14.760427155705326,0.19123283312543307
0.5,0.05,0,180,18.973665961010276,chaos,8000,80,0.437579365079365,0.25714820139179734,1.714642857142857,0.10458333333333333,87.6375,2.069508122080589,0.3629321991562864,0.7376460689112229,15.003872417409351,0.20456200807409114
0.5,0.01,18,180,18.973665961010276,chaos,8000,80,0.42041666666666655,0.24785021370680999,1.6127777777777776,0.09236111111111112,87.5875,2.069897619314722,0.34973509148822074,0.749794659579176,14.616642504855227,0.19444968756452577
0.5,0.01,19,180,18.973665961010276,chaos,8000,80,0.4403174603174603,0.25590959858411283,1.6783928571428568,0.1023611111111111,87.85,2.0683138438235895,0.3593695935871658,0.7374058568390597,16.230702502763343,0.19608068165782194
0.5,0.05,1,180,18.973665961010276,chaos,8000,80,0.4503174603174602,0.2632691850447718,1.76938492063492,0.1075,88.85,2.0432670534211925,0.3596746781254002,0.7423690597158477,14.554793076955809,0.19482155331401746
0.5,0.05,2,180,18.973665961010276,chaos,8000,80,0.412063492063492,0.25317442034410054,1.62281746031746,0.10118055555555557,88.3625,2.0555816682081955,0.35913250164424787,0.751653731117689,15.079523251117052,0.2023494705617675
0.5,0.05,3,180,18.973665961010276,chaos,8000,80,0.42488095238095236,0.2509417780855552,1.6788095238095235,0.0998611111111111,89.1375,2.0332732626268344,0.36769114025085886,0.7418842603731914,14.263186291525027,0.1950251156659346
0.5,0.05,5,180,18.973665961010276,chaos,8000,80,0.43301587301587297,0.2583614405032102,1.6821230158730156,0.10090277777777776,88.7375,2.048570057920562,0.34890739933261006,0.7617085142343821,15.453485397741696,0.1964438947739417
0.5,0.05,4,180,18.973665961010276,chaos,8000,80,0.4266865079365079,0.2601396625834062,1.6769047619047615,0.10291666666666668,89.4125,2.0329860621298246,0.3595874678566296,0.7472062924735405,15.63731564799607,0.1871520193354947
0.5,0.05,6,180,18.973665961010276,chaos,8000,80,0.4660515873015873,0.2653297377735745,1.8542658730158728,0.11076388888888888,86.5,2.0956012981113665,0.3718810984485111,0.7277573642909324,17.87686076489303,0.18198598218872983
0.5,0.05,7,180,18.973665961010276,chaos,8000,80,0.437281746031746,0.2534909025737272,1.6777182539682536,0.09701388888888889,89.775,2.01678075408134,0.35857563149539085,0.750855339036217,15.539478456451786,0.20336948935885574
0.5,0.05,8,180,18.973665961010276,chaos,8000,80,0.4467063492063491,0.26953496473704963,1.7428571428571427,0.10979166666666666,88.4125,2.0535846444334163,0.36811885713583,0.7385252055624474,14.43134465847886,0.20059551863108993
0.5,0.05,9,180,18.973665961010276,chaos,8000,80,0.4403373015873015,0.2609558386102797,1.687519841269841,0.10527777777777778,89.3,2.0314376162646335,0.3521329609562244,0.7527034095203741,15.186752548621252,0.20359883275299956
0.5,0.05,10,180,18.973665961010276,chaos,8000,80,0.45623015873015865,0.27338774058075893,1.7908928571428568,0.10499999999999998,86.9,2.085955794986326,0.35786899310002795,0.7606282826084321,14.258656772683173,0.21439102477855593
0.5,0.05,11,180,18.973665961010276,chaos,8000,80,0.4552777777777777,0.2643963399800634,1.7868452380952378,0.10847222222222222,90.9625,1.9965736528558735,0.36601971600460936,0.7415850660590341,14.136430354690651,0.19645944422776038
0.5,0.05,12,180,18.973665961010276,chaos,8000,80,0.45746031746031734,0.26746483125597054,1.7743253968253967,0.10847222222222222,87.0,2.0838984594298617,0.3521284512992046,0.7651473810809911,16.110249342376587,0.20232925443223734
0.5,0.05,13,180,18.973665961010276,chaos,8000,80,0.4262499999999999,0.255011987262985,1.6351984126984127,0.09881944444444445,89.7875,2.0193046717336522,0.3609981316841362,0.7617058033697961,13.8570893661561,0.20365348960875762
0.5,0.05,14,180,18.973665961010276,chaos,8000,80,0.42634920634920626,0.25491782663161777,1.6708134920634918,0.10513888888888889,87.75,2.065447691607154,0.35955830022444024,0.7441510986253899,16.42529095565066,0.1941157765350197
0.5,0.05,15,180,18.973665961010276,chaos,8000,80,0.4232936507936508,0.2499352586386311,1.6399801587301581,0.09965277777777777,88.45,2.0504818902343147,0.3600189573208924,0.7470314999881518,16.275398688732036,0.19764718200200018
0.5,0.05,17,180,18.973665961010276,chaos,8000,80,0.42980158730158724,0.2507760328270424,1.6485714285714284,0.09944444444444443,88.1125,2.0600942843528847,0.3578317487622993,0.7539539412845242,14.238362374224035,0.18976054798740982
0.5,0.05,16,180,18.973665961010276,chaos,8000,80,0.45343253968253966,0.27263982480900756,1.7802182539682534,0.11305555555555555,88.8375,2.0402521015026216,0.36200668095914856,0.74863764921142,15.853949337482922,0.20451855406841565
0.5,0.05,18,180,18.973665961010276,chaos,8000,80,0.4531746031746032,0.2664138980240155,1.7541269841269838,0.10770833333333334,88.825,2.045838897312701,0.35729845393340887,0.7489150427536011,14.223861793245092,0.19870694851466564
0.5,0.05,19,180,18.973665961010276,chaos,8000,80,0.43748015873015866,0.257538429908196,1.7000595238095233,0.10402777777777779,87.6375,2.0677566550769777,0.35669678751798106,0.7509776267415261,15.076556988240622,0.1964701966196341
0.5,0.1,0,180,18.973665961010276,chaos,8000,80,0.4088095238095237,0.24745352001548446,1.5607142857142855,0.09680555555555556,88.5375,2.048787646071953,0.35730907319160243,0.7447258339391688,15.973943706477481,0.1888554855529016
0.5,0.1,1,180,18.973665961010276,chaos,8000,80,0.41079365079365077,0.24810807128506376,1.6424206349206347,0.09756944444444444,89.65,2.0226675314110936,0.3590656396302453,0.7428127429212203,15.709653866335406,0.1892036217366123
0.5,0.1,2,180,18.973665961010276,chaos,8000,80,0.4279960317460317,0.2539994570065961,1.6736111111111107,0.10124999999999999,89.3875,2.02990842692326,0.35555902406670503,0.7516012937805366,14.228697586579973,0.19274414018605493
0.5,0.1,3,180,18.973665961010276,chaos,8000,80,0.44297619047619036,0.2587469615854509,1.7160912698412694,0.09847222222222221,87.7125,2.0755063710764254,0.35436419364804206,0.7478056238925299,15.651318876397506,0.2010997195801089
0.5,0.1,4,180,18.973665961010276,chaos,8000,80,0.43755952380952373,0.2628622812946057,1.6991865079365076,0.10131944444444443,86.4125,2.102521339480063,0.35535014663465425,0.7591021460806041,12.482851179719589,0.1993989269966405
0.5,0.1,5,180,18.973665961010276,chaos,8000,80,0.45718253968253963,0.2674174423753804,1.764424603174603,0.10430555555555557,86.6125,2.0940001430492066,0.361206946621606,0.7440964935639881,15.537544490032172,0.19614095695499562
0.5,0.1,7,180,18.973665961010276,chaos,8000,80,0.4501388888888888,0.2674001398375422,1.7212103174603173,0.10722222222222222,88.8,2.045641556377486,0.359446385909781,0.7541227953409452,13.790269609859308,0.2002462144099025
0.5,0.1,8,180,18.973665961010276,chaos,8000,80,0.426845238095238,0.2511799208861617,1.6477579365079358,0.094375,88.3875,2.0554492876761397,0.36291984326354265,0.7364893959502163,16.864443961382054,0.19625571860966406
0.5,0.1,6,180,18.973665961010276,chaos,8000,80,0.4304563492063491,0.2576085489955217,1.7409722222222221,0.10770833333333334,87.7375,2.0706371990168178,0.3634750508345504,0.7428039051040602,17.87235180664799,0.18894050439348656
0.5,0.1,9,180,18.973665961010276,chaos,8000,80,0.45101190476190467,0.2636887696165718,1.7677579365079363,0.10590277777777776,88.1125,2.0598371772031916,0.3745183878529715,0.7298456819976369,14.646790983482237,0.1919936814904574
0.5,0.1,10,180,18.973665961010276,chaos,8000,80,0.4132936507936507,0.2463472374775706,1.5900198412698408,0.09659722222222222,88.2125,2.0610369879909447,0.3534257758404502,0.7593670821652635,14.114749801122723,0.20095403478416385
0.5,0.1,11,180,18.973665961010276,chaos,8000,80,0.4379365079365079,0.25723582599261824,1.698273809523809,0.10298611111111111,86.8125,2.097384071390633,0.36032391060414215,0.7360536652404088,14.281080137208061,0.19943485106247855
0.5,0.1,12,180,18.973665961010276,chaos,8000,80,0.44337301587301586,0.26833738074168967,1.7346626984126978,0.10020833333333334,90.2375,2.0109013314647983,0.3567578150533571,0.7425973361188147,16.044403225341142,0.20481744894426654
0.5,0.1,13,180,18.973665961010276,chaos,8000,80,0.4488888888888889,0.2615768487062574,1.7415476190476187,0.10131944444444445,86.8625,2.0939537466354152,0.36847185144748684,0.7352274640314489,16.799834284471387,0.18965942474680172
0.5,0.1,14,180,18.973665961010276,chaos,8000,80,0.4282936507936507,0.24781987822998017,1.6880952380952379,0.09861111111111112,89.3,2.0343384650706424,0.35956557677799494,0.7439515754166317,15.21049187965176,0.18420943302362486
0.5,0.1,17,180,18.973665961010276,chaos,8000,80,0.44791666666666663,0.2672131489235027,1.7739682539682533,0.1073611111111111,87.6125,2.074290357084287,0.3617249053205398,0.7378015811359517,17.29529342715751,0.1897404741711715
0.5,0.1,15,180,18.973665961010276,chaos,8000,80,0.45196428571428565,0.2623418472564419,1.7628571428571427,0.11006944444444444,88.7375,2.0474909662701437,0.37123868192092757,0.7400336336484006,16.654305518248716,0.20695612003724567
0.5,0.1,16,180,18.973665961010276,chaos,8000,80,0.45545634920634914,0.2622889494307383,1.738035714285714,0.10583333333333331,88.7875,2.040443023023088,0.3574331819257545,0.75059926456923,15.8697775988957,0.1953455634142364
0.5,0.1,18,180,18.973665961010276,chaos,8000,80,0.43636904761904755,0.25589520090415885,1.6733333333333331,0.09986111111111111,87.7875,2.0634924245373947,0.358264691183492,0.7457867614916216,15.482438339969585,0.1900905455226857
0.5,0.1,19,180,18.973665961010276,chaos,8000,80,0.44013888888888875,0.2556075676897994,1.6996031746031743,0.10145833333333332,88.575,2.049455354700843,0.3634759249260087,0.7485164571282994,14.390692003251957,0.1962980370304477
0.5,0.2,0,180,18.973665961010276,chaos,8000,80,0.42059523809523797,0.24623344153931442,1.6499999999999997,0.10354166666666667,89.4625,2.0270441063698543,0.36070768359769845,0.7438433264538433,16.034316564432345,0.18088543895613513
0.5,0.2,2,180,18.973665961010276,chaos,8000,80,0.46029761904761896,0.2727973383423393,1.8113293650793647,0.1104861111111111,88.325,2.0528455209544747,0.36478094763188185,0.7475237618622325,15.538563444451157,0.20271572667376322
0.5,0.2,4,180,18.973665961010276,chaos,8000,80,0.4211507936507936,0.24868363896266593,1.6476388888888884,0.09909722222222221,87.0,2.09017778306699,0.3610948067563424,0.7439493786684362,15.469459656466265,0.191807258092829
0.5,0.2,3,180,18.973665961010276,chaos,8000,80,0.4329563492063492,0.25697955966419744,1.7156547619047617,0.10201388888888889,88.2875,2.050427398044455,0.3555632635644897,0.7458825973801849,15.032652501037457,0.2042173534925233
0.5,0.2,1,180,18.973665961010276,chaos,8000,80,0.42472222222222217,0.2431822011093992,1.6393452380952378,0.09798611111111111,89.2875,2.0310963462078213,0.36146557314726496,0.7468085374560092,16.667826494748347,0.186997670333772
0.5,0.2,5,180,18.973665961010276,chaos,8000,80,0.4504365079365078,0.26308730260495483,1.7660317460317458,0.10590277777777779,87.2875,2.0797867192202637,0.3621824816172391,0.7423834221384522,16.45932202334028,0.20087381685077207
0.5,0.2,6,180,18.973665961010276,chaos,8000,80,0.4368849206349205,0.25543259378673316,1.6824801587301585,0.10402777777777779,92.325,1.9636289230572372,0.3588288742204841,0.7563521318329066,14.965608519429997,0.19055401329721583
0.5,0.2,7,180,18.973665961010276,chaos,8000,80,0.43706349206349204,0.2642754952294794,1.7021428571428565,0.10027777777777777,87.125,2.0863618458893427,0.3570538240542296,0.7493795460302988,13.524737659522895,0.19796308146618197
0.5,0.2,8,180,18.973665961010276,chaos,8000,80,0.42851190476190465,0.25127715115385685,1.6280753968253965,0.09368055555555557,87.1875,2.0839738670827144,0.35070369471939267,0.76291018076198,13.8905835481246,0.19994996961381878
0.5,0.2,10,180,18.973665961010276,chaos,8000,80,0.45494047619047606,0.26181367280725787,1.7766666666666662,0.10388888888888888,87.25,2.083311955298996,0.3538970900858505,0.7569183995348394,14.467682861774795,0.19979909347038485
0.5,0.2,9,180,18.973665961010276,chaos,8000,80,0.4673015873015872,0.277855525671975,1.8078174603174602,0.11097222222222221,88.8,2.046138920384614,0.36695477255379716,0.7373517922481991,17.06874765132509,0.18932357303155994
0.5,0.2,11,180,18.973665961010276,chaos,8000,80,0.43117063492063484,0.2517385386914408,1.6779563492063487,0.10034722222222223,89.7625,2.0222885803444575,0.3573948491779523,0.7543895491028362,18.245632955113404,0.19163849104936878
0.5,0.2,12,180,18.973665961010276,chaos,8000,80,0.44672619047619044,0.26534337898020344,1.7376785714285714,0.10145833333333334,88.5625,2.0470395751562576,0.36322235746285825,0.7539905668439064,15.393980065789606,0.1926947225187051
0.5,0.2,14,180,18.973665961010276,chaos,8000,80,0.4324007936507936,0.2489326115701606,1.638115079365079,0.09312499999999999,87.25,2.0826823685470846,0.35699593243763594,0.755811511074471,15.417186812751414,0.19155440921746922
0.5,0.2,13,180,18.973665961010276,chaos,8000,80,0.44805555555555543,0.26283135411429326,1.744583333333333,0.10659722222222223,88.85,2.046012684437135,0.35908691420407024,0.7551727136289684,16.588490394727337,0.19617875933713003
0.5,0.2,15,180,18.973665961010276,chaos,8000,80,0.43428571428571416,0.25733121370871526,1.6863690476190474,0.10208333333333333,89.2125,2.0364181255128306,0.3635768517230162,0.7592206852715806,16.54167035463728,0.19574476908308985
0.5,0.2,16,180,18.973665961010276,chaos,8000,80,0.4276190476190475,0.2608472246827963,1.6451587301587298,0.10347222222222222,88.175,2.0594388736577565,0.35040284186390785,0.7561158141147639,16.435412171994063,0.21020145962085984
0.5,0.2,17,180,18.973665961010276,chaos,8000,80,0.44293650793650785,0.25972354715822177,1.7260714285714283,0.10388888888888888,87.775,2.0714072475861665,0.3595717810378196,0.7450683026089084,15.106481798481571,0.19851456145943586
0.5,0.2,18,180,18.973665961010276,chaos,8000,80,0.44779761904761894,0.2642301040619917,1.7244047619047613,0.10430555555555554,88.4,2.05078996014864,0.3620224887191149,0.7437372433013684,15.54122235559873,0.2016659990315984
0.5,0.2,19,180,18.973665961010276,chaos,8000,80,0.446845238095238,0.2573695950579193,1.7307738095238094,0.1015972222222222,86.425,2.1003888078249795,0.3657101915801254,0.7364556627807544,13.605453835857698,0.19332676111482822
0.5,0.4,1,180,18.973665961010276,chaos,8000,80,0.44309523809523804,0.26241686916709256,1.7389682539682536,0.10805555555555554,88.425,2.0477803130441563,0.36986505560871646,0.7412312179874455,17.69405772740098,0.19905439002233227
0.5,0.4,0,180,18.973665961010276,chaos,8000,80,0.4005357142857141,0.24405585634524335,1.5808928571428567,0.09583333333333333,87.6375,2.0751818078063344,0.34879879060328045,0.7563488753786621,14.560648980425915,0.20487192134857085
0.5,0.4,3,180,18.973665961010276,chaos,8000,80,0.4237103174603174,0.24903502115596482,1.6384126984126983,0.09895833333333333,88.5125,2.0519225147051947,0.36611124039301607,0.7391789346555575,15.842416979706337,0.19302303538708027
0.5,0.4,2,180,18.973665961010276,chaos,8000,80,0.45986111111111105,0.2670085730857427,1.7461706349206345,0.10555555555555556,88.3375,2.0508645882366188,0.35816674305277313,0.7494949218939034,15.034024017454033,0.19106902606848641
0.5,0.4,4,180,18.973665961010276,chaos,8000,80,0.44688492063492047,0.2670422247226601,1.7790277777777774,0.11187499999999999,89.725,2.0208118963816375,0.36145633534704,0.7383358832635027,16.622436485921515,0.19624367802512052
0.5,0.4,5,180,18.973665961010276,chaos,8000,80,0.4349603174603174,0.25907058458383525,1.6534523809523805,0.10534722222222222,88.5875,2.048960642744344,0.3595577488183087,0.7484475303204692,16.690061510216953,0.19963193511420152
0.5,0.4,6,180,18.973665961010276,chaos,8000,80,0.43357142857142844,0.25098429593976707,1.6713095238095235,0.10409722222222224,88.8,2.040598798493388,0.35967302015919156,0.7652040365893461,14.430533668520605,0.20236757633619704
0.5,0.4,7,180,18.973665961010276,chaos,8000,80,0.44482142857142853,0.26507290504715114,1.7857341269841265,0.1098611111111111,88.375,2.0525316548366215,0.3725813014627791,0.7482836572748217,14.769658547063894,0.19864083436129326
0.5,0.4,8,180,18.973665961010276,chaos,8000,80,0.4571626984126983,0.26060861058314405,1.7568452380952375,0.10770833333333334,88.975,2.037000620816168,0.36026723623615114,0.7436074373553423,19.92038004855804,0.20197766389772537
0.5,0.4,10,180,18.973665961010276,chaos,8000,80,0.44589285714285704,0.2549572195850135,1.7460714285714283,0.10791666666666669,89.9875,2.0168107789548646,0.3623488207432555,0.7323793087899378,16.81681528356878,0.1928525551773795
0.5,0.4,9,180,18.973665961010276,chaos,8000,80,0.4227976190476189,0.2521370004138487,1.6408134920634923,0.1036111111111111,89.9,2.018609045133009,0.3664627573389508,0.7397296601901779,17.252080987641527,0.1840257818684087
0.5,0.4,12,180,18.973665961010276,chaos,8000,80,0.40882936507936496,0.24698555752247212,1.5958730158730154,0.09979166666666667,88.6,2.0475252203675303,0.3600059370441121,0.7434986810532033,14.969666160454528,0.18578446257668685
0.5,0.4,11,180,18.973665961010276,chaos,8000,80,0.4312896825396825,0.254777074376827,1.6591865079365078,0.09923611111111111,88.0375,2.0607474946544473,0.35204541705287207,0.752963308745847,15.37868095712048,0.1901563043246194
0.5,0.4,15,180,18.973665961010276,chaos,8000,80,0.4462499999999999,0.2585003885291165,1.767162698412698,0.10381944444444444,87.125,2.083031371517317,0.36748237962724806,0.7411382016186165,15.225330395918515,0.19359810618426115
0.5,0.4,13,180,18.973665961010276,chaos,8000,80,0.44509920634920624,0.2664514007765501,1.7439682539682537,0.10659722222222223,89.45,2.0298157960047183,0.3605404260786498,0.7443722335434365,14.089285293089834,0.2032267633661819
0.5,0.4,14,180,18.973665961010276,chaos,8000,80,0.4395833333333333,0.2616002318053606,1.7326785714285713,0.10701388888888888,89.1625,2.0340236614604463,0.3554238323763842,0.746045284271743,14.22699896891063,0.19370531015375492
0.5,0.4,16,180,18.973665961010276,chaos,8000,80,0.4315079365079364,0.2521085379484439,1.6699206349206346,0.09972222222222223,88.6375,2.0435007727324397,0.3501290629348849,0.7521956681629449,14.933408462613809,0.19631906930591278
0.5,0.4,19,180,18.973665961010276,chaos,8000,80,0.44686507936507924,0.2586476516459063,1.6955555555555553,0.10097222222222221,87.4875,2.080861733264372,0.36001314731755435,0.7413957179111448,16.407980801360264,0.1871801579370695
0.5,0.4,17,180,18.973665961010276,chaos,8000,80,0.43130952380952375,0.25255641774842114,1.6573611111111108,0.10013888888888889,87.5625,2.0691013313941644,0.36215030421368,0.7361120571896664,14.901253200250057,0.19319684929925549
0.5,0.4,18,180,18.973665961010276,chaos,8000,80,0.42081349206349195,0.2535277699914847,1.6446825396825395,0.09895833333333333,87.1375,2.082182236028579,0.3599310800736617,0.7491196608568081,15.36548324631761,0.20424180396039615
0.5,0.8,0,180,18.973665961010276,chaos,8000,80,0.4439484126984127,0.2634388747590556,1.74172619047619,0.10895833333333334,89.725,2.018909366345615,0.35915037007225914,0.7538413486020874,15.505019474617416,0.20289369287438624
0.5,0.8,1,180,18.973665961010276,chaos,8000,80,0.42630952380952375,0.24360859479213604,1.6430555555555553,0.09680555555555556,88.0375,2.0603583747359986,0.3685018556357737,0.7452269369544509,15.908314588714006,0.19232100037150685
0.5,0.8,2,180,18.973665961010276,chaos,8000,80,0.42378968253968247,0.24907941067245587,1.6259325396825393,0.09972222222222223,87.85,2.067632253225583,0.3571470594964329,0.7550506189372609,14.851033899231174,0.19182103195158473
0.5,0.8,3,180,18.973665961010276,chaos,8000,80,0.4456944444444444,0.2604180361224552,1.702043650793651,0.10097222222222221,86.75,2.093504627425778,0.3564728480916194,0.7549195718063806,14.6579920780733,0.20219821287432566
0.5,0.8,4,180,18.973665961010276,chaos,8000,80,0.4275198412698412,0.2544073260181994,1.6499801587301584,0.10180555555555555,89.5125,2.0245869887599603,0.3568177829972031,0.757673447180078,14.998067316229434,0.21193289032378307
0.5,0.8,5,180,18.973665961010276,chaos,8000,80,0.40474206349206343,0.24162918426739582,1.5724801587301585,0.09381944444444444,90.175,2.009557077833204,0.3512392375678884,0.7620404207955547,16.367288445408896,0.20073570271198746
0.5,0.8,6,180,18.973665961010276,chaos,8000,80,0.42603174603174593,0.25965791041092495,1.6597619047619045,0.10270833333333333,88.3125,2.0588037165946784,0.3461100967462345,0.7749661944645128,12.904158944824664,0.20616245485980528
0.5,0.8,7,180,18.973665961010276,chaos,8000,80,0.44293650793650785,0.25733552789455566,1.7094642857142854,0.10347222222222223,88.075,2.0560419197298203,0.36552715334380503,0.7528203692290794,14.550620697202294,0.19878523277084237
0.5,0.8,8,180,18.973665961010276,chaos,8000,80,0.4236309523809524,0.24607480190512643,1.6211507936507936,0.09875,89.9125,2.0167156805439452,0.3607464410269046,0.7458705304854437,15.53674069660612,0.191155391342516
0.5,0.8,9,180,18.973665961010276,chaos,8000,80,0.4272420634920634,0.26033764358953776,1.6653968253968252,0.10451388888888888,87.375,2.0814840889489803,0.35849877789789075,0.7493400348542956,15.673298981763486,0.20498361559609365
0.5,0.8,10,180,18.973665961010276,chaos,8000,80,0.4125396825396825,0.24436869332235417,1.6304563492063486,0.09965277777777777,90.0875,2.0155530514699893,0.35537373225904345,0.7506711719726104,17.164631736046637,0.1830288911008438
0.5,0.8,11,180,18.973665961010276,chaos,8000,80,0.45277777777777767,0.26934519535806334,1.7968849206349204,0.10590277777777776,87.575,2.0749860690992454,0.3557769139416017,0.7610598526483157,13.296758598784425,0.2022148880022765
0.5,0.8,12,180,18.973665961010276,chaos,8000,80,0.4385515873015873,0.259694344581114,1.6700793650793648,0.10013888888888889,88.6875,2.041520426042003,0.36045084428663066,0.7463879962336133,14.015810690874565,0.20735718740161396
0.5,0.8,14,180,18.973665961010276,chaos,8000,80,0.4261111111111111,0.24680946976198417,1.6209325396825396,0.09847222222222221,90.1625,2.014313124688696,0.36014268195790544,0.7328721527130734,16.288581731470355,0.18803518548113612
0.5,0.8,13,180,18.973665961010276,chaos,8000,80,0.4446626984126983,0.2672840774775109,1.7790476190476183,0.10909722222222222,90.075,2.0152567942746047,0.36441447051443576,0.7419484391104263,15.952743471077815,0.20004047071711342
0.5,0.8,15,180,18.973665961010276,chaos,8000,80,0.4359126984126983,0.25883665733535877,1.693095238095238,0.09972222222222223,88.0,2.062176578609066,0.35625677307103,0.7604039037727708,15.236638050730278,0.20735245476440575
0.5,0.8,16,180,18.973665961010276,chaos,8000,80,0.4273015873015873,0.2531057314789716,1.6790277777777773,0.10659722222222223,88.8,2.042527182141602,0.3710646320007182,0.7293183942644592,21.14305446597381,0.1836191787891834
0.5,0.8,17,180,18.973665961010276,chaos,8000,80,0.43765873015873014,0.25272596392443736,1.6794047619047618,0.10527777777777776,86.975,2.0901410132306895,0.36355778298594155,0.7382741074695931,17.78165253866796,0.17940048979219264
0.5,0.8,18,180,18.973665961010276,chaos,8000,80,0.42214285714285704,0.24590588993946075,1.6122619047619047,0.09243055555555554,89.0875,2.0379138210901733,0.3498373758093497,0.7526654567570761,14.643272425480081,0.19552755630125454
0.5,0.8,19,180,18.973665961010276,chaos,8000,80,0.4299603174603174,0.24936265557825626,1.6118849206349204,0.09319444444444444,87.2,2.0877860819573164,0.354208700216628,0.7546539287755178,14.370097102363474,0.1940700498159012
0.5,1.2,0,180,18.973665961010276,chaos,8000,80,0.46295634920634904,0.2776743055564384,1.7741666666666664,0.11090277777777777,88.3,2.0567518812576977,0.358788196578978,0.7533393129903676,17.175668389004926,0.194951681227172
0.5,1.2,1,180,18.973665961010276,chaos,8000,80,0.471845238095238,0.27069412740626697,1.8166865079365073,0.10812499999999999,87.8625,2.066418023177293,0.36464329249725874,0.7495812693446225,16.02339994914599,0.19714954820630282
0.5,1.2,2,180,18.973665961010276,chaos,8000,80,0.4443650793650793,0.2595134935173652,1.7239087301587297,0.10131944444444443,88.5375,2.046149430363573,0.36400320809122844,0.7484136997158736,15.798766592805245,0.19663209945264798
0.5,1.2,3,180,18.973665961010276,chaos,8000,80,0.4393055555555555,0.2637067126255209,1.7111507936507935,0.1004861111111111,89.0875,2.041854822478979,0.3564598390856647,0.7477665196274454,15.84407207917663,0.20848246745051063
0.5,1.2,4,180,18.973665961010276,chaos,8000,80,0.4404563492063492,0.25586020741004195,1.65859126984127,0.0961111111111111,88.95,2.04248615768731,0.35677035674422114,0.7552519311463269,15.059883615438434,0.19889807433581733
0.5,1.2,5,180,18.973665961010276,chaos,8000,80,0.4636507936507936,0.26959116034715513,1.7895436507936506,0.10722222222222222,86.55,2.097440846153808,0.3622553700255837,0.7482550522812117,16.499637016871503,0.19974759646466844
0.5,1.2,6,180,18.973665961010276,chaos,8000,80,0.42537698412698405,0.2575791687812471,1.6788492063492058,0.1015972222222222,88.0125,2.0733054050733584,0.3549558905143238,0.7560692050230752,16.000036472706704,0.1980147540149119
0.5,1.2,7,180,18.973665961010276,chaos,8000,80,0.4528373015873015,0.2621096533711252,1.7374007936507936,0.10527777777777776,90.875,1.9954437924758643,0.3635198131707922,0.7413190448502549,17.423689644157957,0.201370509900792
0.5,1.2,8,180,18.973665961010276,chaos,8000,80,0.4242857142857142,0.2513944722144135,1.646547619047619,0.09930555555555556,90.725,2.002122529039312,0.3642280364940088,0.7384785134587227,17.56359025999532,0.19688354838435274
0.5,1.2,9,180,18.973665961010276,chaos,8000,80,0.451111111111111,0.26909743224415206,1.7539682539682537,0.103125,89.6375,2.034281205035181,0.35730682790407514,0.7589852336132014,15.282262912748223,0.2017911631305893
0.5,1.2,10,180,18.973665961010276,chaos,8000,80,0.45684523809523797,0.26655155105106304,1.7363095238095234,0.10756944444444443,91.05,1.9964230475747857,0.3556535706431072,0.7713514363477134,13.859461792360435,0.2072932741411236
0.5,1.2,11,180,18.973665961010276,chaos,8000,80,0.418968253968254,0.2503764178873369,1.6028373015873012,0.09770833333333333,91.4,1.987871286009905,0.3470243110370769,0.7534782253087102,16.327654344652792,0.20425604805500502
0.5,1.2,13,180,18.973665961010276,chaos,8000,80,0.45333333333333325,0.26712640025786466,1.718194444444444,0.10381944444444446,87.9,2.068253647333126,0.35807237549468696,0.7485520545275585,14.982202145681299,0.19536868615613198
0.5,1.2,14,180,18.973665961010276,chaos,8000,80,0.4303174603174602,0.24925331562355,1.621626984126984,0.09409722222222223,89.4,2.0341612730495346,0.3523493460131669,0.7491973375894968,14.873425800487144,0.19653817510563454
0.5,1.2,12,180,18.973665961010276,chaos,8000,80,0.4347222222222221,0.2615300964492094,1.6898412698412695,0.10131944444444443,90.0,2.014192532641924,0.3582109377629658,0.7462618163484024,16.53009880604634,0.20004197894471862
0.5,1.2,15,180,18.973665961010276,chaos,8000,80,0.4131547619047618,0.23819594546594045,1.5902777777777775,0.09576388888888888,87.5625,2.0702489690598616,0.35711572699033445,0.7480595156404869,17.694344761423615,0.19356243700600598
0.5,1.2,16,180,18.973665961010276,chaos,8000,80,0.4505753968253967,0.269656456747709,1.7547023809523807,0.10604166666666667,89.4125,2.0328849460002645,0.365004060220761,0.745858024264803,14.129364488527676,0.19953956009252907
0.5,1.2,17,180,18.973665961010276,chaos,8000,80,0.43095238095238086,0.24995935636242095,1.6237301587301585,0.10055555555555555,89.05,2.038217222975117,0.35842467383088,0.7535840064934101,16.07255416180385,0.19688346616692
0.5,1.2,18,180,18.973665961010276,chaos,8000,80,0.4513293650793651,0.26717211741500885,1.7485119047619044,0.10409722222222222,89.225,2.034385669796313,0.3627275666308297,0.7482767498747863,15.881703804941372,0.19475365764937286
0.5,1.2,19,180,18.973665961010276,chaos,8000,80,0.4309920634920634,0.2592241039611623,1.6862103174603171,0.10243055555555555,88.9125,2.041502179360222,0.34954628986733705,0.7642546914674981,15.760071300635428,0.2037267672125905
0.6,0.01,1,180,17.320508075688775,chaos,8000,80,0.5486309523809523,0.32961151705331726,2.1538293650793645,0.11819444444444445,79.6875,2.281901729232344,0.3762362827318718,0.751198483285476,13.563798735742257,0.216766467801921
0.6,0.01,0,180,17.320508075688775,chaos,8000,80,0.5823809523809522,0.35236486848133114,2.342678571428571,0.13541666666666666,78.725,2.3015505073386313,0.3766667936120311,0.7538154299781803,14.112595310938172,0.20999860327905906
0.6,0.01,3,180,17.320508075688775,chaos,8000,80,0.5586309523809523,0.3190969169826062,2.200654761904761,0.11861111111111114,79.55,2.282689039340395,0.36864448197098854,0.7543712812389897,12.361427759922032,0.21715953322061116
0.6,0.01,2,180,17.320508075688775,chaos,8000,80,0.5519047619047619,0.3320070763953066,2.167301587301587,0.12041666666666666,81.025,2.2427528889442128,0.3608669588185751,0.7623832315724322,13.069739624097139,0.21347697302706575
0.6,0.01,4,180,17.320508075688775,chaos,8000,80,0.5456150793650792,0.3157613308850562,2.139682539682539,0.11444444444444443,82.075,2.2167274359963023,0.3692455313976117,0.7533551771856246,12.52173486762073,0.21364021758773005
0.6,0.01,6,180,17.320508075688775,chaos,8000,80,0.5449999999999999,0.3202291415744757,2.1316865079365073,0.11770833333333333,80.0125,2.270877797752322,0.36216417389253885,0.7585740778652339,13.007368584594156,0.21819511431244704
0.6,0.01,5,180,17.320508075688775,chaos,8000,80,0.5555158730158729,0.33610611647574756,2.2000396825396824,0.12097222222222222,80.5375,2.24994223497189,0.35911768835895774,0.7606506944259138,13.182767727235037,0.2226140261642048
0.6,0.01,7,180,17.320508075688775,chaos,8000,80,0.5508531746031745,0.328807319481289,2.21906746031746,0.12395833333333335,79.575,2.2775154363513876,0.3694174948139834,0.749560390503111,13.710196643988889,0.21537217325479957
0.6,0.01,8,180,17.320508075688775,chaos,8000,80,0.5455158730158729,0.31710803220312184,2.1519047619047615,0.12215277777777778,81.3125,2.2305920981761025,0.3607594105701657,0.7573452001760288,13.67231504175189,0.20614104163476776
0.6,0.01,9,180,17.320508075688775,chaos,8000,80,0.5721825396825395,0.33963143993767664,2.252182539682539,0.12847222222222224,79.5875,2.27520553736215,0.3708370102279547,0.7602429689711421,12.49856789816046,0.2177278946807759
0.6,0.01,10,180,17.320508075688775,chaos,8000,80,0.5452380952380952,0.31407351810668527,2.1532738095238093,0.11673611111111111,79.8375,2.277058840930102,0.3695340993887421,0.757099478056889,11.933969100083724,0.21905346610689333
0.6,0.01,11,180,17.320508075688775,chaos,8000,80,0.5483134920634919,0.3100997809356334,2.1682936507936503,0.11590277777777777,78.0125,2.323826585679297,0.3839719227871402,0.7403051044794641,13.573212804855586,0.19882537251143617
0.6,0.01,12,180,17.320508075688775,chaos,8000,80,0.5622619047619046,0.3263969359979099,2.173809523809523,0.12131944444444445,78.5125,2.31018991873817,0.36831226842221276,0.7541565496363098,13.563503792088223,0.20218931503298815
0.6,0.01,14,180,17.320508075688775,chaos,8000,80,0.5589285714285713,0.322550994014271,2.1831944444444438,0.12138888888888891,80.5,2.2561649465531755,0.36630562765855845,0.7650149044148391,11.99012783817673,0.20847203637806883
0.6,0.01,13,180,17.320508075688775,chaos,8000,80,0.5325,0.3173671090972012,2.084166666666666,0.11381944444444445,80.275,2.262247566879542,0.36509994257891154,0.7551650929943071,12.592411310363184,0.20759163655933363
0.6,0.01,15,180,17.320508075688775,chaos,8000,80,0.551547619047619,0.329994870253078,2.176626984126984,0.11993055555555557,79.7375,2.2764345647239477,0.3731878739614343,0.7598716790155855,13.064745200169394,0.2204943825345981
0.6,0.01,16,180,17.320508075688775,chaos,8000,80,0.560734126984127,0.33685657059822127,2.226170634920634,0.1252083333333333,79.2625,2.288596539491018,0.36667810349275937,0.754256048921454,12.387676989929275,0.22299730862507516
0.6,0.01,17,180,17.320508075688775,chaos,8000,80,0.5609523809523809,0.3204464828134421,2.1762698412698405,0.11986111111111111,79.55,2.287238041788,0.36190393438993007,0.763807980726513,11.604628302984816,0.2134495281704968
0.6,0.01,18,180,17.320508075688775,chaos,8000,80,0.580079365079365,0.32816172822787204,2.263234126984126,0.12708333333333333,79.8625,2.2749199685534043,0.37169227265300026,0.745606238659587,11.810134102617969,0.2079822061462116
0.6,0.01,19,180,17.320508075688775,chaos,8000,80,0.5443253968253968,0.3098771350115997,2.1145634920634917,0.11777777777777776,80.8375,2.249465926685704,0.36810856573498807,0.7624614625742103,13.875457761008471,0.2146238782277777
0.6,0.05,1,180,17.320508075688775,chaos,8000,80,0.5801388888888888,0.3357303841982812,2.255912698412698,0.12493055555555554,79.325,2.2978390991667696,0.37595746188198176,0.7604915828277488,12.268830812152256,0.20684991430432756
0.6,0.05,2,180,17.320508075688775,chaos,8000,80,0.5523611111111111,0.3187707418649875,2.1712499999999997,0.11673611111111111,80.2875,2.2566078215760212,0.36258874588043866,0.757253435035372,13.125095377083431,0.21089713149004136
0.6,0.05,0,180,17.320508075688775,chaos,8000,80,0.5419246031746031,0.3206984831366504,2.183055555555555,0.12326388888888891,81.2125,2.232694161848882,0.3804544134550241,0.7422757372289512,13.519898749270117,0.21537157084110806
0.6,0.05,4,180,17.320508075688775,chaos,8000,80,0.5702777777777778,0.32385001242580036,2.2591071428571423,0.1223611111111111,78.9,2.3007307488465494,0.3707545512616889,0.7555119440529212,13.32198477516389,0.21814505097799372
0.6,0.05,5,180,17.320508075688775,chaos,8000,80,0.5403174603174602,0.3200433173119148,2.1099801587301585,0.11361111111111111,80.4375,2.258570139440071,0.37100669621683063,0.7582175063281017,12.712987964646635,0.20422695470117508
0.6,0.05,3,180,17.320508075688775,chaos,8000,80,0.5396428571428571,0.3217835319979137,2.1762301587301587,0.12381944444444444,80.275,2.259822324305533,0.36452813711980314,0.755753345261248,13.471361456949642,0.2256467006436341
0.6,0.05,6,180,17.320508075688775,chaos,8000,80,0.5553571428571427,0.33290671900727936,2.185198412698412,0.12416666666666668,80.65,2.249264307948551,0.3583368493834829,0.7628175753734234,12.898719732346763,0.2211370236739772
0.6,0.05,7,180,17.320508075688775,chaos,8000,80,0.5606349206349205,0.33108950608241494,2.2465873015873012,0.1252083333333333,80.45,2.2565916782908553,0.36442147066934305,0.7511740960236205,12.878960129819154,0.21546228096537412
0.6,0.05,8,180,17.320508075688775,chaos,8000,80,0.5555555555555555,0.3106839013026182,2.2170634920634917,0.12465277777777777,80.6875,2.248517947753084,0.37027424074107324,0.7523823762972537,13.398955410974343,0.20567358246189774
0.6,0.05,9,180,17.320508075688775,chaos,8000,80,0.5720039682539682,0.3326212228850408,2.243888888888889,0.12555555555555556,79.9125,2.27252508879261,0.3708296668619976,0.7459783113775345,13.145198159643192,0.21862357769083246
0.6,0.05,10,180,17.320508075688775,chaos,8000,80,0.5223809523809523,0.3019344235570557,2.060119047619047,0.11263888888888889,80.7125,2.250022920468528,0.3681088923862267,0.744028573351305,11.399932540161604,0.20505429102939338
0.6,0.05,11,180,17.320508075688775,chaos,8000,80,0.553392857142857,0.31710773989651847,2.2191865079365076,0.11861111111111114,80.3375,2.259051936195977,0.3720076758867837,0.7411423628826503,13.402488670665964,0.20480714024271296
0.6,0.05,12,180,17.320508075688775,chaos,8000,80,0.5801785714285714,0.33291459334042417,2.2991269841269837,0.1332638888888889,81.6,2.226850147655192,0.369260729770882,0.7625828676044614,13.077160807940492,0.21959201308670656
0.6,0.05,14,180,17.320508075688775,chaos,8000,80,0.5495833333333332,0.31507822485807485,2.1551587301587296,0.11916666666666664,80.25,2.2615628842482716,0.36517703842542837,0.7531916385014594,13.835557173987956,0.2172339320684245
0.6,0.05,13,180,17.320508075688775,chaos,8000,80,0.5366071428571427,0.3105440789545043,2.0783730158730154,0.11208333333333334,81.425,2.2292380806664385,0.36758721530441596,0.7563256739918894,11.835800986322838,0.20765965654842472
0.6,0.05,16,180,17.320508075688775,chaos,8000,80,0.5574801587301585,0.32422698887197804,2.1547222222222215,0.1171527777777778,79.7625,2.279647515350269,0.3706574157528033,0.753105503099219,11.559880676557412,0.2177737559866288
0.6,0.05,15,180,17.320508075688775,chaos,8000,80,0.5131944444444444,0.2983400351462831,2.03625,0.11333333333333333,80.9625,2.2402235391967196,0.37023967668525753,0.7456339026837737,15.033048969595535,0.1970126845984359
0.6,0.05,17,180,17.320508075688775,chaos,8000,80,0.5474007936507935,0.3212788687910081,2.1758333333333333,0.12138888888888891,81.0,2.2437161132267165,0.37649445177892443,0.7376798503246611,13.677910931535255,0.21245289184103172
0.6,0.05,18,180,17.320508075688775,chaos,8000,80,0.5545833333333332,0.3266758742350892,2.1507142857142854,0.1220138888888889,79.1,2.299027791146017,0.3779650642609437,0.7431191399540772,12.757705372078409,0.21671462561159535
0.6,0.05,19,180,17.320508075688775,chaos,8000,80,0.5557936507936507,0.3212297669452183,2.1833333333333327,0.12006944444444442,79.8875,2.269304379624331,0.3629543504138474,0.7579537297494123,12.413929273225454,0.21725846982433814
0.6,0.1,0,180,17.320508075688775,chaos,8000,80,0.5678769841269841,0.3236572239258118,2.211091269841269,0.12256944444444447,81.3125,2.228025089878261,0.3668121848990565,0.7636096869611217,12.039953024745406,0.2160255751467671
0.6,0.1,1,180,17.320508075688775,chaos,8000,80,0.5735515873015872,0.339259910460756,2.2825396825396824,0.12805555555555556,80.225,2.2689990804898,0.3651130967884693,0.7578448673596391,12.730201931681105,0.2043266854170238
0.6,0.1,2,180,17.320508075688775,chaos,8000,80,0.5643650793650792,0.32070451073796963,2.185912698412698,0.12263888888888888,78.9625,2.2953287913309928,0.3706844730914088,0.767695590961584,13.579094615119208,0.21587608377825646
0.6,0.1,5,180,17.320508075688775,chaos,8000,80,0.5189087301587302,0.31382164693090775,2.045178571428571,0.11631944444444446,81.825,2.218862149239727,0.36733189561667373,0.7504679902884013,11.882024051852358,0.2206524297159743
0.6,0.1,3,180,17.320508075688775,chaos,8000,80,0.5481150793650793,0.32146590204335196,2.1633531746031744,0.1223611111111111,80.0,2.2669166903298312,0.36051610349961327,0.7488982667101848,11.930893066756676,0.21544945107143376
0.6,0.1,4,180,17.320508075688775,chaos,8000,80,0.5456944444444444,0.32690985089087266,2.1715873015873006,0.1203472222222222,80.8625,2.2487100496539707,0.35879674251675314,0.753990762025002,13.571222518284467,0.22287267036685182
0.6,0.1,6,180,17.320508075688775,chaos,8000,80,0.5526984126984126,0.33016944442986523,2.2527777777777773,0.12979166666666667,80.925,2.243088422168709,0.3735220866888331,0.7473755056647545,12.347614525527456,0.21331917483627105
0.6,0.1,7,180,17.320508075688775,chaos,8000,80,0.5432142857142856,0.3137208261257836,2.11,0.11680555555555557,82.7375,2.1957944398554012,0.3724920672320756,0.7480362999779635,12.35604132090773,0.20429084640118317
0.6,0.1,8,180,17.320508075688775,chaos,8000,80,0.5476190476190476,0.3224889777198208,2.1451190476190476,0.11979166666666666,79.65,2.286477059857602,0.3703750630349169,0.7459939220435565,11.816490742047858,0.20686038684549093
0.6,0.1,9,180,17.320508075688775,chaos,8000,80,0.5806349206349205,0.34761044221952325,2.3209722222222218,0.13006944444444443,80.2,2.266797321395335,0.37220846896499993,0.7544865856029719,11.752359224462209,0.21306555959215084
0.6,0.1,10,180,17.320508075688775,chaos,8000,80,0.5467658730158729,0.30369472661979696,2.07938492063492,0.11041666666666665,81.1875,2.239392559202057,0.36700766163941145,0.7526755767915462,12.097004324099927,0.20529092738198793
0.6,0.1,12,180,17.320508075688775,chaos,8000,80,0.5651190476190475,0.33120405860766866,2.25281746031746,0.12368055555555557,80.9625,2.2488072983459113,0.36466672667221395,0.7577395958662242,13.920794502223496,0.2215788047870461
0.6,0.1,11,180,17.320508075688775,chaos,8000,80,0.5579761904761904,0.33406566404593013,2.2081944444444437,0.12743055555555555,79.95,2.2683395428613577,0.3664099843729888,0.7555608063601809,12.653899700793806,0.19970155742460616
0.6,0.1,13,180,17.320508075688775,chaos,8000,80,0.5536507936507935,0.3305349047750197,2.1889087301587296,0.12263888888888888,78.4375,2.3190445394583867,0.3654860576598704,0.7486980613654737,13.053504894634306,0.20867442049297402
0.6,0.1,14,180,17.320508075688775,chaos,8000,80,0.5640079365079365,0.34213614511744994,2.2551190476190475,0.12715277777777775,80.4875,2.2511298872060372,0.36886369740271385,0.7577925230908843,12.819668239782633,0.2217057492383609
0.6,0.1,15,180,17.320508075688775,chaos,8000,80,0.5574404761904761,0.3242195831780973,2.1789880952380947,0.12937500000000002,80.5875,2.256772148723094,0.3796759861243836,0.7361097291235318,12.651846639349,0.20531218749258456
0.6,0.1,16,180,17.320508075688775,chaos,8000,80,0.5556944444444444,0.33281864747477063,2.2231349206349202,0.1301388888888889,79.7625,2.2752410175518323,0.37391085063930596,0.757854489335859,12.65476134272377,0.22159953405589525
0.6,0.1,17,180,17.320508075688775,chaos,8000,80,0.5463690476190475,0.3157220040523186,2.1531349206349204,0.11402777777777777,79.45,2.289112096606979,0.3641238008413357,0.7585493675931277,14.449054167101076,0.219531393356626
0.6,0.1,18,180,17.320508075688775,chaos,8000,80,0.5624801587301587,0.32505131077392235,2.200396825396825,0.11888888888888889,80.05,2.2668236737385654,0.3679468812215945,0.7587199022181211,12.998512638370693,0.20788492902855688
0.6,0.1,19,180,17.320508075688775,chaos,8000,80,0.5493055555555555,0.3194732444194046,2.137519841269841,0.12,81.0,2.2411409869117422,0.3670327025230975,0.7451920281089137,12.600290247626242,0.20610663818040922
0.6,0.2,0,180,17.320508075688775,chaos,8000,80,0.5519642857142856,0.3175284723877635,2.158829365079365,0.11826388888888888,80.35,2.26349242966114,0.36668049803525216,0.7525033009588167,13.762009367645428,0.21374829733527917
0.6,0.2,2,180,17.320508075688775,chaos,8000,80,0.5679960317460317,0.3386127199408263,2.2496825396825395,0.12541666666666665,81.9625,2.210848547481773,0.3607712738980968,0.7610024072158488,12.380617791861535,0.22587103034418643
0.6,0.2,1,180,17.320508075688775,chaos,8000,80,0.5254563492063491,0.3100437083298447,2.0779960317460313,0.11270833333333334,79.95,2.2722296225144936,0.3677075959371108,0.7535862677712426,11.516945795368489,0.20310602406223985
0.6,0.2,3,180,17.320508075688775,chaos,8000,80,0.5508928571428571,0.33346767107019026,2.2304563492063485,0.12097222222222222,79.725,2.278428071113227,0.37434513341407577,0.7457290992414558,12.591987732768764,0.22021035612786335
0.6,0.2,4,180,17.320508075688775,chaos,8000,80,0.546626984126984,0.3275064046095696,2.1947023809523807,0.11986111111111111,79.2125,2.2981776790458133,0.36420968244185126,0.7529181265767982,12.174324199745055,0.2221997964177728
0.6,0.2,5,180,17.320508075688775,chaos,8000,80,0.5661904761904761,0.3360136251193355,2.256051587301587,0.12125,79.8625,2.276588077248605,0.3728822750326938,0.7518630403781235,12.50835287791954,0.22200543576697646
0.6,0.2,6,180,17.320508075688775,chaos,8000,80,0.5863492063492062,0.33017346615722865,2.3136309523809517,0.12166666666666667,78.375,2.3125637592827637,0.36624981702859405,0.7575727066689592,12.941482048997846,0.216082883341073
0.6,0.2,8,180,17.320508075688775,chaos,8000,80,0.5466666666666665,0.3237259091943012,2.171428571428571,0.1254861111111111,79.6375,2.2797084251490816,0.3664287035663176,0.7609807090253621,13.041552618974617,0.20742970194580868
0.6,0.2,7,180,17.320508075688775,chaos,8000,80,0.5446230158730158,0.32467479814815325,2.18781746031746,0.11979166666666666,81.075,2.239237650037574,0.36677839636058146,0.7547069797092538,12.731748070470683,0.2210206275756775
0.6,0.2,9,180,17.320508075688775,chaos,8000,80,0.5834523809523808,0.3582295761251624,2.3403571428571426,0.1332638888888889,80.2625,2.264680900520383,0.36484078955154325,0.764459288379031,11.87769361640364,0.2230066441247566
0.6,0.2,10,180,17.320508075688775,chaos,8000,80,0.5324404761904761,0.3200612512745102,2.120099206349206,0.12201388888888887,81.65,2.2237822294663054,0.36178728080856093,0.761960502639385,12.954600189372261,0.21783222323986404
0.6,0.2,11,180,17.320508075688775,chaos,8000,80,0.5615476190476189,0.3287049888110312,2.1909126984126983,0.121875,81.1375,2.2387174745214877,0.37520058396816447,0.7415298707739938,14.690943324299065,0.21259866342661243
0.6,0.2,13,180,17.320508075688775,chaos,8000,80,0.5352380952380951,0.3197663418992254,2.0859920634920632,0.11687499999999998,81.1125,2.239830588855193,0.3600483125498294,0.7625085176854659,12.317301893489532,0.1992641711374019
0.6,0.2,12,180,17.320508075688775,chaos,8000,80,0.5699801587301586,0.3431751667842752,2.2980952380952373,0.13374999999999998,77.6875,2.337770402993158,0.3665343101957571,0.763116889424937,14.31040245202145,0.21463061552132962
0.6,0.2,15,180,17.320508075688775,chaos,8000,80,0.5738690476190476,0.34566190882249037,2.2925595238095235,0.1265277777777778,79.9875,2.2708117076993966,0.3631369448571509,0.7634949969442448,12.087637850885494,0.2228699620618891
0.6,0.2,14,180,17.320508075688775,chaos,8000,80,0.5492857142857142,0.3270846512523379,2.1731944444444444,0.12604166666666666,79.5875,2.2836876318750265,0.37290061767720345,0.7542172494643914,11.056400774610513,0.2025267345500968
0.6,0.2,16,180,17.320508075688775,chaos,8000,80,0.5603373015873016,0.3218425638600448,2.2236706349206345,0.12236111111111111,79.575,2.2792054303613876,0.37171808609277984,0.754381881012395,14.891891652055852,0.20562491633807412
0.6,0.2,17,180,17.320508075688775,chaos,8000,80,0.5426388888888888,0.32112396933101583,2.133055555555555,0.11875,81.6,2.228303139658854,0.3589503719784747,0.7663696597269736,11.527774729830124,0.22534486434495138
0.6,0.2,18,180,17.320508075688775,chaos,8000,80,0.5424404761904761,0.32163558796750485,2.182678571428571,0.11819444444444445,80.3875,2.2598242894566454,0.37387199489366874,0.7531075402922942,15.387815364536996,0.2035428955431943
0.6,0.2,19,180,17.320508075688775,chaos,8000,80,0.5525595238095237,0.3319162567029704,2.2042658730158724,0.12076388888888889,78.8625,2.3024886537617304,0.3755462192551625,0.7532684370605786,13.486781607244257,0.21085209308322544
0.6,0.4,0,180,17.320508075688775,chaos,8000,80,0.5366269841269841,0.3227809773814413,2.1479365079365076,0.12375,81.1,2.2454169113185714,0.36295831097225106,0.7680006277860857,11.753663310157188,0.22319809765440404
0.6,0.4,1,180,17.320508075688775,chaos,8000,80,0.5565079365079364,0.32509786828629816,2.2077182539682534,0.12104166666666667,79.25,2.3000368813271734,0.3721966368674406,0.7556118606008503,13.179637784934169,0.2116719147082756
0.6,0.4,2,180,17.320508075688775,chaos,8000,80,0.549861111111111,0.32630356942288286,2.193253968253968,0.12340277777777778,79.55,2.2799452348127094,0.3678547059556804,0.7511849867670521,12.459116533481204,0.21115941887491269
0.6,0.4,3,180,17.320508075688775,chaos,8000,80,0.5125992063492063,0.3082521718002063,2.0080952380952377,0.11506944444444445,83.3875,2.1741173024565414,0.36255276110041235,0.7659017697576751,13.034520691168828,0.218498128759202
0.6,0.4,4,180,17.320508075688775,chaos,8000,80,0.5635317460317459,0.33478208736911436,2.3012103174603173,0.1307638888888889,79.9875,2.270518932486572,0.3748033045664116,0.7499279437818689,14.701066333752498,0.20830120890234527
0.6,0.4,5,180,17.320508075688775,chaos,8000,80,0.5733333333333333,0.33038481117833546,2.274642857142857,0.12569444444444444,79.1875,2.297965636521883,0.37338720874178266,0.7489934220445413,12.431211485934895,0.19246273936220681
0.6,0.4,6,180,17.320508075688775,chaos,8000,80,0.5335119047619047,0.31099849819383973,2.14813492063492,0.11854166666666666,80.2,2.2699902852456946,0.3699702871231584,0.7516012207524911,13.03029685982516,0.207532832649909
0.6,0.4,7,180,17.320508075688775,chaos,8000,80,0.5491666666666666,0.3288770955494217,2.2322619047619043,0.12534722222222222,81.5125,2.230896379435754,0.3648378721534791,0.7568688784858698,12.131851595639578,0.21025946831738745
0.6,0.4,8,180,17.320508075688775,chaos,8000,80,0.5691468253968253,0.3259228743415816,2.2176587301587296,0.12569444444444447,80.1375,2.260462602363913,0.3608661813183,0.7626377101463632,12.529916307857006,0.216214439217143
0.6,0.4,9,180,17.320508075688775,chaos,8000,80,0.5323015873015873,0.3213965674496859,2.111607142857143,0.11840277777777777,80.3875,2.2662428442453977,0.3632744631154149,0.7608917919666786,12.187069829507521,0.2231649833092783
0.6,0.4,10,180,17.320508075688775,chaos,8000,80,0.5579365079365078,0.32389608465865666,2.2110317460317455,0.11833333333333333,80.0625,2.264569977186357,0.3673534683170484,0.7557464324398158,12.366441819150282,0.21059104387084354
0.6,0.4,12,180,17.320508075688775,chaos,8000,80,0.5542460317460316,0.3364475438354095,2.21281746031746,0.12611111111111112,80.0125,2.277902427326045,0.3650358065328022,0.7564107120222838,12.499107351631295,0.2146975973001625
0.6,0.4,11,180,17.320508075688775,chaos,8000,80,0.5358134920634919,0.3072895631311473,2.1179563492063487,0.11409722222222222,81.1375,2.2339087875185304,0.3669386809868856,0.7540342556753952,11.268413407125625,0.2099122182903071
0.6,0.4,13,180,17.320508075688775,chaos,8000,80,0.5621230158730157,0.33272361562379726,2.2701587301587294,0.13090277777777776,78.8125,2.3028874085401765,0.36615631720802894,0.7562638102813538,13.854646529743906,0.22480601247129767
0.6,0.4,15,180,17.320508075688775,chaos,8000,80,0.5640476190476189,0.32116325879168867,2.1938095238095237,0.12402777777777778,80.7,2.249413222964276,0.36343845869336067,0.7582738092019444,13.46134513424316,0.21967319767201818
0.6,0.4,14,180,17.320508075688775,chaos,8000,80,0.5333730158730157,0.3159645249146657,2.107678571428571,0.1182638888888889,80.5625,2.251991905567949,0.36713086237027437,0.7432171975127968,13.393797576683017,0.2054491052123022
0.6,0.4,16,180,17.320508075688775,chaos,8000,80,0.5563690476190475,0.3248758285229499,2.1713690476190473,0.11701388888888889,79.475,2.286598741163212,0.35903152908666547,0.7698101845933137,12.252437854074703,0.21817103840700236
0.6,0.4,17,180,17.320508075688775,chaos,8000,80,0.5333333333333332,0.30995465033979813,2.0964087301587297,0.11687500000000002,79.3875,2.2910938438992887,0.3675313484238959,0.7419830443093641,13.516829291636952,0.20289126619530573
0.6,0.4,18,180,17.320508075688775,chaos,8000,80,0.548095238095238,0.3277783110529492,2.179880952380952,0.1267361111111111,79.5,2.2849548427735167,0.36427528170841106,0.7488322536049663,12.449597630193283,0.20532467795515896
0.6,0.4,19,180,17.320508075688775,chaos,8000,80,0.5680158730158729,0.33081077057766317,2.203115079365079,0.12694444444444447,79.125,2.290971172419746,0.38187401658412873,0.7455624593633632,13.28368922925956,0.19747285079456486
0.6,0.8,0,180,17.320508075688775,chaos,8000,80,0.5537896825396824,0.32614831659578086,2.1913095238095233,0.12291666666666667,81.55,2.2248515923963383,0.36091240422328247,0.762402102594611,12.112944879771774,0.21524442590695517
0.6,0.8,1,180,17.320508075688775,chaos,8000,80,0.5638492063492062,0.33974839397452383,2.2096825396825395,0.11791666666666667,79.2625,2.293777712956215,0.35978500814350356,0.7674302603612304,11.914115251489754,0.21890386349833416
0.6,0.8,2,180,17.320508075688775,chaos,8000,80,0.542063492063492,0.3279496438525592,2.1933730158730156,0.1238888888888889,81.525,2.2215421507359765,0.36729411399758555,0.7462257792433176,14.054511890955762,0.21460872082409396
0.6,0.8,5,180,17.320508075688775,chaos,8000,80,0.5422023809523809,0.33110834195705713,2.1699206349206346,0.128125,81.425,2.2286884668522475,0.36242921172580583,0.7676527504988242,12.715238886613989,0.21425307848592476
0.6,0.8,4,180,17.320508075688775,chaos,8000,80,0.5466865079365079,0.33668832327554643,2.1925992063492057,0.129375,79.875,2.2706040440615753,0.3689151863167584,0.7511106221124221,13.18562196158663,0.21274041041460517
0.6,0.8,3,180,17.320508075688775,chaos,8000,80,0.5640476190476189,0.32918390631754,2.2188492063492062,0.12013888888888888,79.9875,2.2669310643470446,0.36970164674779726,0.7527937504075615,12.831902525906543,0.2114478863585802
0.6,0.8,6,180,17.320508075688775,chaos,8000,80,0.5588888888888888,0.3324495907631628,2.194980158730158,0.12131944444444445,80.4125,2.259722303871478,0.3726952370146507,0.7516487440117139,14.008634460992258,0.20697143501443077
0.6,0.8,7,180,17.320508075688775,chaos,8000,80,0.5663293650793649,0.32876247058139374,2.2566666666666664,0.1267361111111111,80.5625,2.255771863781478,0.3748252511666784,0.7644544039207604,12.25529714168601,0.2172044536887081
0.6,0.8,8,180,17.320508075688775,chaos,8000,80,0.5567460317460317,0.32200855541327955,2.226626984126984,0.12173611111111109,79.9625,2.2718454982676315,0.3677838638275805,0.7527764470246477,13.010558304928045,0.20513622542423496
0.6,0.8,9,180,17.320508075688775,chaos,8000,80,0.5603373015873014,0.3272364098053605,2.213571428571428,0.12006944444444442,80.2625,2.2668286106687052,0.3705779135949283,0.747427971598936,13.41792145647805,0.21550980098798864
0.6,0.8,10,180,17.320508075688775,chaos,8000,80,0.565813492063492,0.33674837055579043,2.208214285714285,0.12625,79.65,2.282124858025732,0.36367168077281364,0.7513234503797698,12.153683658529346,0.22060295419424766
0.6,0.8,12,180,17.320508075688775,chaos,8000,80,0.5413690476190476,0.31602656607350876,2.135753968253968,0.1172222222222222,82.7125,2.1963854967527103,0.3664723643824507,0.75006099543447,12.652415284259149,0.20371169364343364
0.6,0.8,11,180,17.320508075688775,chaos,8000,80,0.5755357142857142,0.3383763255983832,2.2142261904761904,0.11986111111111111,80.6,2.2567248953911654,0.35872773811227526,0.774373321052986,12.617246562339542,0.21083555985928068
0.6,0.8,13,180,17.320508075688775,chaos,8000,80,0.5478571428571428,0.32011624390123167,2.1155753968253967,0.11715277777777777,80.7,2.2511315501358014,0.36746034185458337,0.7523100034088019,13.437751841189936,0.21329684111063324
0.6,0.8,14,180,17.320508075688775,chaos,8000,80,0.5469642857142856,0.32169035979504385,2.1839484126984123,0.11729166666666666,79.7875,2.2760768857670985,0.3716772168222544,0.7591193197706655,12.09064037153924,0.22497479837161496
0.6,0.8,15,180,17.320508075688775,chaos,8000,80,0.581111111111111,0.33230322374212073,2.2430952380952376,0.12680555555555556,79.2125,2.295659979617805,0.37683610812762175,0.7394090093765602,12.789297082325081,0.20862162857031055
0.6,0.8,16,180,17.320508075688775,chaos,8000,80,0.5424206349206349,0.32038576174492933,2.175297619047618,0.12326388888888888,80.7375,2.2492510890218655,0.385791585097229,0.7418910379617122,14.475301801888616,0.21187734295909982
0.6,0.8,17,180,17.320508075688775,chaos,8000,80,0.5488888888888888,0.32787109403041254,2.183353174603174,0.11812500000000001,79.6125,2.2792435474167987,0.36804723099574715,0.7482200452740682,13.883544235396045,0.21467967439761634
0.6,0.8,18,180,17.320508075688775,chaos,8000,80,0.5656944444444443,0.3313767605145345,2.1799999999999997,0.12055555555555555,78.7,2.3077752224882024,0.3677762508025487,0.7574007116876847,13.013876551972942,0.20694653881056135
0.6,0.8,19,180,17.320508075688775,chaos,8000,80,0.5625198412698411,0.34049321578061137,2.2310317460317455,0.12736111111111112,80.5625,2.265787265614042,0.36910058744709595,0.7607104384438925,12.728739139331097,0.21555294629122485
0.6,1.2,0,180,17.320508075688775,chaos,8000,80,0.5323412698412697,0.31472568261326195,2.1031547619047615,0.11743055555555557,81.1875,2.2386091892449933,0.3661342808811792,0.7511357426117057,12.472055236865296,0.21569655332079024
0.6,1.2,2,180,17.320508075688775,chaos,8000,80,0.5782936507936507,0.3369213488181405,2.2353968253968253,0.1254861111111111,80.375,2.2617051815757088,0.37161963825327654,0.7569441259248887,12.494312422246413,0.21101470201266856
0.6,1.2,1,180,17.320508075688775,chaos,8000,80,0.5792261904761904,0.3402164394429642,2.264960317460317,0.12875,80.3875,2.2641560162601326,0.3620143166295269,0.7600171065816399,11.639297949204252,0.21791481966429674
0.6,1.2,3,180,17.320508075688775,chaos,8000,80,0.545813492063492,0.3281084860982367,2.080674603174603,0.11368055555555556,80.525,2.2665130082108016,0.36426575123083843,0.7568240361488199,11.926116648303047,0.20789927864005212
0.6,1.2,4,180,17.320508075688775,chaos,8000,80,0.54390873015873,0.32643842081134194,2.141369047619047,0.12201388888888887,80.45,2.2591074222617618,0.36259447464825184,0.7565245362556252,13.03416522418666,0.20534173361498514
0.6,1.2,5,180,17.320508075688775,chaos,8000,80,0.5671230158730157,0.33510779625702714,2.1904960317460316,0.12118055555555554,81.0625,2.2385009927958848,0.35882002396518803,0.7593985931665566,11.59573446860444,0.22154972693879765
0.6,1.2,6,180,17.320508075688775,chaos,8000,80,0.5491071428571427,0.3252726101595482,2.1962301587301583,0.12076388888888889,79.9125,2.278649161087274,0.3620048021386399,0.7631218442588541,11.85530320798875,0.22127423375368735
0.6,1.2,8,180,17.320508075688775,chaos,8000,80,0.5245436507936507,0.3082809079083034,2.0576785714285712,0.11729166666666666,81.5375,2.231819765888426,0.3693498904434094,0.7525437396702526,13.11067248768082,0.20401432374337264
0.6,1.2,7,180,17.320508075688775,chaos,8000,80,0.5487103174603174,0.31358875295077676,2.143333333333333,0.11013888888888887,80.2625,2.2626149319727515,0.3647181778568696,0.757424474530902,10.646382322059882,0.210261411867294
0.6,1.2,9,180,17.320508075688775,chaos,8000,80,0.5659325396825395,0.32695750498680337,2.2113095238095233,0.12381944444444445,81.4875,2.232483532639237,0.3699823475136391,0.7467520764291916,12.615708159824973,0.22136148777507758
0.6,1.2,11,180,17.320508075688775,chaos,8000,80,0.5608730158730157,0.3361381700928677,2.252519841269841,0.12374999999999999,77.975,2.3376516600157453,0.3727244024722419,0.7578948511314856,12.204332862191672,0.19942127981612295
0.6,1.2,10,180,17.320508075688775,chaos,8000,80,0.5528174603174603,0.3186502481516888,2.149424603174603,0.12048611111111111,81.15,2.238952922009094,0.3624430096925282,0.7558967731339485,13.87184989352138,0.22403405351251543
0.6,1.2,12,180,17.320508075688775,chaos,8000,80,0.5984126984126983,0.3486989586018604,2.3158134920634916,0.12979166666666667,81.2375,2.2346202532815456,0.37517690820814853,0.757708790044866,13.431634942087044,0.2056129805607015
0.6,1.2,13,180,17.320508075688775,chaos,8000,80,0.5254960317460317,0.3169660329787608,2.0666468253968246,0.1123611111111111,80.8,2.2520669350323756,0.36193109200703333,0.7662037150080716,12.847152186450055,0.2139502084224759
0.6,1.2,14,180,17.320508075688775,chaos,8000,80,0.5908333333333331,0.34127167781275486,2.303452380952381,0.12937500000000002,81.05,2.2421893458390407,0.3660651738915848,0.7582658079914764,12.130908212832214,0.20775498377463655
0.6,1.2,15,180,17.320508075688775,chaos,8000,80,0.5567261904761904,0.3318646222258702,2.2309523809523806,0.12131944444444445,80.7625,2.255487478603524,0.36880017428864653,0.7634876031398237,11.5740101329902,0.2173664691516548
0.6,1.2,16,180,17.320508075688775,chaos,8000,80,0.5649603174603174,0.3320747252911386,2.23813492063492,0.12444444444444444,83.6625,2.1745809788007713,0.36902659961136786,0.7673845108911814,14.84064054178258,0.23110180455852056
0.6,1.2,17,180,17.320508075688775,chaos,8000,80,0.5700198412698411,0.3327449232566263,2.238690476190476,0.12465277777777777,80.625,2.2501228331536183,0.36572497478477883,0.7573843045400862,12.829485752929736,0.21014284059980684
0.6,1.2,18,180,17.320508075688775,chaos,8000,80,0.5368849206349205,0.31359769314335956,2.1206150793650793,0.11791666666666667,81.8,2.2220184952261635,0.36759600964774797,0.7600945788009674,12.609137368193567,0.20744876845591756
0.6,1.2,19,180,17.320508075688775,chaos,8000,80,0.5602380952380951,0.3341269713309679,2.2168253968253966,0.1242361111111111,81.525,2.2328890308409712,0.371333268566581,0.7621764976938037,13.179387740828172,0.21444843500562846
0.7,0.01,0,180,16.035674514745462,chaos,8000,80,0.6389880952380951,0.38238997744730413,2.5839484126984127,0.13590277777777776,73.3375,2.4716846615680916,0.3787202883882488,0.7495861954064893,10.888198622211078,0.21433576892006592
0.7,0.01,1,180,16.035674514745462,chaos,8000,80,0.6840079365079365,0.3978032942206909,2.749880952380952,0.14430555555555555,73.7625,2.4652274225795465,0.3742009417484628,0.766694171650777,12.553594639390056,0.22745678552048335
0.7,0.01,2,180,16.035674514745462,chaos,8000,80,0.6625396825396824,0.3954022026092962,2.7161111111111103,0.13986111111111113,75.5625,2.4072211101645395,0.36079523410197556,0.7777580779103633,9.773188553989026,0.2229109236965856
0.7,0.01,4,180,16.035674514745462,chaos,8000,80,0.6560714285714284,0.3842202820720235,2.5862698412698406,0.13527777777777777,72.9375,2.4961252530912743,0.36812386159021093,0.7631810454662185,10.687213340367473,0.22063030387242807
0.7,0.01,3,180,16.035674514745462,chaos,8000,80,0.6577182539682539,0.39395491672325905,2.649146825396825,0.14166666666666666,76.1,2.393633084133838,0.36285056878331584,0.7688319629778192,10.70759575065738,0.2325875562479312
0.7,0.01,5,180,16.035674514745462,chaos,8000,80,0.6481547619047617,0.38304859254365764,2.634345238095238,0.1373611111111111,73.625,2.4778579316356923,0.3761692711651491,0.756547708976339,10.93029930936552,0.22246701964082244
0.7,0.01,6,180,16.035674514745462,chaos,8000,80,0.6765674603174603,0.40366064308464666,2.7166865079365072,0.148125,73.375,2.479161297202956,0.3737734913496134,0.7669861246640546,10.907332862219743,0.22383389421091504
0.7,0.01,7,180,16.035674514745462,chaos,8000,80,0.67515873015873,0.39517148376037453,2.7581349206349204,0.14881944444444445,74.1125,2.4554634551819197,0.3773462882897464,0.7576465589871253,10.504968155080183,0.23002871313464013
0.7,0.01,9,180,16.035674514745462,chaos,8000,80,0.6611904761904761,0.3937474270286899,2.685535714285714,0.14229166666666665,74.6,2.439740190950949,0.3664524865862487,0.7656947098332602,11.21293252399642,0.2381979480126996
0.7,0.01,8,180,16.035674514745462,chaos,8000,80,0.6278571428571428,0.37571776139402785,2.5327777777777776,0.13680555555555557,73.9375,2.4554340131185315,0.37912861385453,0.7496321205622282,10.635329783720264,0.22083150192229778
0.7,0.01,10,180,16.035674514745462,chaos,8000,80,0.6575396825396824,0.39661187645253637,2.69079365079365,0.14152777777777778,72.375,2.5122887273950103,0.36361327088425976,0.768616117140372,10.724491239413933,0.2335830839154896
0.7,0.01,11,180,16.035674514745462,chaos,8000,80,0.6513690476190475,0.38704310517236457,2.5660912698412695,0.1373611111111111,73.2375,2.4815955644978644,0.3689686797070376,0.7672513055502519,11.278745447319487,0.22660708937078536
0.7,0.01,12,180,16.035674514745462,chaos,8000,80,0.6735714285714284,0.39878365773729296,2.6639484126984123,0.1423611111111111,73.625,2.4702388083006674,0.37919728903984884,0.766789923401802,10.358779611027062,0.22762250979231186
0.7,0.01,13,180,16.035674514745462,chaos,8000,80,0.6415476190476189,0.37433865558448637,2.5247023809523808,0.13208333333333333,73.9875,2.455932299380927,0.3705646990670598,0.7638166046798849,10.450904560713415,0.22071312321555422
0.7,0.01,14,180,16.035674514745462,chaos,8000,80,0.6782341269841268,0.39838056292398116,2.7339087301587295,0.15152777777777776,73.625,2.4741790889915625,0.3713052289880771,0.7677412561376065,11.179764797167286,0.2228180138094588
0.7,0.01,16,180,16.035674514745462,chaos,8000,80,0.6679166666666665,0.3957164802061078,2.635059523809523,0.13791666666666666,73.3625,2.4766867460312025,0.3646475594583278,0.764549510109733,10.704818968882895,0.23100057075672228
0.7,0.01,15,180,16.035674514745462,chaos,8000,80,0.6874603174603173,0.40588898905245074,2.73454365079365,0.14868055555555557,74.7125,2.432992659605369,0.3753564186340634,0.7649667426241317,11.112941068276069,0.22762786576581512
0.7,0.01,17,180,16.035674514745462,chaos,8000,80,0.6438690476190475,0.3879273493139544,2.600198412698412,0.13854166666666665,74.6,2.431253106516354,0.3745205767046963,0.7630752710373574,10.350845299316784,0.2295836082106808
0.7,0.01,18,180,16.035674514745462,chaos,8000,80,0.6541468253968252,0.39479112313694625,2.6661904761904758,0.1472222222222222,74.1,2.4534869441115545,0.37650517761084445,0.7613173970112942,11.365132147043038,0.24185594753906853
0.7,0.01,19,180,16.035674514745462,chaos,8000,80,0.6225198412698412,0.3716370985786569,2.504821428571428,0.1309722222222222,74.975,2.425086532215965,0.3747368441610896,0.7472896943762163,12.903904145890667,0.22288380716320821
0.7,0.05,0,180,16.035674514745462,chaos,8000,80,0.6539484126984126,0.37857780150967973,2.6189880952380946,0.13923611111111112,73.1875,2.482435976852183,0.3626693231702993,0.7659032939341757,10.775061251263432,0.2336973988695293
0.7,0.05,1,180,16.035674514745462,chaos,8000,80,0.6529761904761904,0.3933521216675216,2.6552380952380945,0.14493055555555556,74.075,2.4467465833892397,0.36485463328038736,0.7717554814573895,10.870166560487979,0.24584402476645337
0.7,0.05,2,180,16.035674514745462,chaos,8000,80,0.6340674603174602,0.3770004475559373,2.5188492063492056,0.13493055555555555,73.65,2.465122317172066,0.3779781346409932,0.7500089284497864,12.13132411673463,0.2229336230260633
0.7,0.05,3,180,16.035674514745462,chaos,8000,80,0.650595238095238,0.38570590718974346,2.6403769841269833,0.13999999999999999,74.1875,2.454138239665464,0.3720849950203663,0.7679274669040901,12.913087530795613,0.23759578420827926
0.7,0.05,5,180,16.035674514745462,chaos,8000,80,0.6584523809523809,0.38999971672368533,2.6683928571428566,0.14159722222222224,73.525,2.4756604537887856,0.3798777481823726,0.7583067622928873,11.507218883560611,0.22789774632100307
0.7,0.05,4,180,16.035674514745462,chaos,8000,80,0.6514682539682538,0.3890331346180318,2.620654761904762,0.1386111111111111,73.2125,2.49681105255951,0.368750490510702,0.7604271984382839,11.678945385534485,0.23364739284441013
0.7,0.05,7,180,16.035674514745462,chaos,8000,80,0.6793849206349206,0.3886033827028081,2.729821428571428,0.144375,72.8125,2.4978452748447615,0.3795994456461772,0.763453494304405,10.030947006565572,0.2314257679296802
0.7,0.05,6,180,16.035674514745462,chaos,8000,80,0.6751785714285713,0.40204294771238275,2.6259325396825393,0.13881944444444444,73.65,2.4620313229287527,0.36398951242050426,0.764859788518798,10.362384906837452,0.23207676592897034
0.7,0.05,8,180,16.035674514745462,chaos,8000,80,0.6506349206349206,0.38401371913766835,2.6278769841269836,0.13777777777777778,73.3125,2.476521722973046,0.3677247045675435,0.76646616602696,11.360850259263213,0.23510145006776187
0.7,0.05,9,180,16.035674514745462,chaos,8000,80,0.6589880952380952,0.38700805608649935,2.655615079365079,0.14604166666666668,74.175,2.4525919081753287,0.3757646094457574,0.7641132491608321,12.40476741552059,0.23225639596502531
0.7,0.05,10,180,16.035674514745462,chaos,8000,80,0.6803968253968253,0.40258110480447373,2.755992063492063,0.1442361111111111,73.125,2.493794720262261,0.37828929645425113,0.7576832324056839,11.40432786027388,0.21674983003753806
0.7,0.05,12,180,16.035674514745462,chaos,8000,80,0.659642857142857,0.38736295076995675,2.6530158730158724,0.1401388888888889,73.175,2.489637533682542,0.38073905985419026,0.7568963141708622,11.639805328992,0.22665684191551927
0.7,0.05,11,180,16.035674514745462,chaos,8000,80,0.6824801587301585,0.38667131018574147,2.673214285714285,0.13951388888888888,73.0,2.4810016354092057,0.3778876107229633,0.7562934313576326,10.429648332902424,0.2081885981658565
0.7,0.05,13,180,16.035674514745462,chaos,8000,80,0.6603571428571428,0.3852499691758528,2.6336507936507934,0.14395833333333333,74.2375,2.4505581568026975,0.38581189661076887,0.7545623990534219,10.773238851710587,0.21833384947786633
0.7,0.05,14,180,16.035674514745462,chaos,8000,80,0.6946031746031744,0.4008132027362173,2.7604365079365074,0.14569444444444443,74.2625,2.448777651968219,0.37957314758720384,0.7590793431383878,10.943373480931584,0.23383591940359424
0.7,0.05,15,180,16.035674514745462,chaos,8000,80,0.637956349206349,0.38176740596888525,2.526527777777777,0.13972222222222222,74.6875,2.435650288574952,0.3630898676402608,0.7670376677618084,10.52428452577902,0.21988359262334106
0.7,0.05,16,180,16.035674514745462,chaos,8000,80,0.6614285714285713,0.3786888253008348,2.681091269841269,0.13611111111111113,74.375,2.435796845035386,0.37769909622463543,0.757350581603357,12.259996575564617,0.23745467363890976
0.7,0.05,17,180,16.035674514745462,chaos,8000,80,0.6763293650793649,0.4013409451161453,2.724722222222222,0.14375,74.3125,2.4511900338376647,0.3784869544108342,0.7566624104453314,11.079646717732476,0.22455226280839913
0.7,0.05,18,180,16.035674514745462,chaos,8000,80,0.676924603174603,0.3932001729595713,2.7085317460317455,0.14270833333333333,75.0875,2.4271056720596635,0.36788215502888744,0.773830433662676,11.08956598478929,0.21865376834302203
0.7,0.05,19,180,16.035674514745462,chaos,8000,80,0.6594444444444443,0.3948235374285443,2.6468452380952376,0.1373611111111111,74.2125,2.447721252639495,0.3729881841524455,0.7617589248007801,10.772014774932128,0.22048555294451697
0.7,0.1,0,180,16.035674514745462,chaos,8000,80,0.667876984126984,0.38312602366878457,2.645654761904761,0.13604166666666667,73.2625,2.480992795461082,0.3697853647279637,0.7530506103514889,11.434891313850425,0.22812025428173902
0.7,0.1,1,180,16.035674514745462,chaos,8000,80,0.6814087301587302,0.40143302746204296,2.74204365079365,0.15020833333333333,74.4875,2.443068711198643,0.3693421552817388,0.7691681556288981,10.455302485736912,0.23393489292472136
0.7,0.1,2,180,16.035674514745462,chaos,8000,80,0.6564682539682538,0.38403124198257244,2.640753968253968,0.1427777777777778,74.2625,2.4458264493596227,0.37158043421854703,0.7586825190771178,11.084268703457706,0.22946560674328192
0.7,0.1,3,180,16.035674514745462,chaos,8000,80,0.663313492063492,0.39939017827893125,2.683055555555555,0.14194444444444446,74.875,2.421638502308153,0.3714063231624824,0.766837576142803,10.417670265249326,0.23488006937897402
0.7,0.1,4,180,16.035674514745462,chaos,8000,80,0.653035714285714,0.3768105958538971,2.6466269841269834,0.1423611111111111,74.0875,2.4552163562991316,0.3807362560558171,0.7472723403786496,11.640880078796162,0.22475221606021317
0.7,0.1,5,180,16.035674514745462,chaos,8000,80,0.6506944444444442,0.38408571612409476,2.6075396825396817,0.14222222222222222,74.8375,2.4241869694657767,0.36037457523144445,0.7724653740669476,10.74549224064646,0.22891892226603155
0.7,0.1,6,180,16.035674514745462,chaos,8000,80,0.6510714285714284,0.38650903314439555,2.6220634920634915,0.1371527777777778,74.2375,2.452827167393766,0.3689822430598836,0.7580729205191735,10.804911483344881,0.23019119091650841
0.7,0.1,7,180,16.035674514745462,chaos,8000,80,0.674126984126984,0.40278236095944103,2.7250793650793645,0.14472222222222225,74.675,2.4341672038396838,0.36949006423243624,0.7708263808944521,10.901348002206735,0.23029757602014028
0.7,0.1,10,180,16.035674514745462,chaos,8000,80,0.6330753968253967,0.3706197870066238,2.5384325396825393,0.1338888888888889,73.725,2.4686961579824045,0.3710289936399056,0.759568099040173,11.70188864511795,0.22116499695652297
0.7,0.1,8,180,16.035674514745462,chaos,8000,80,0.6664682539682538,0.3949761219413258,2.708055555555555,0.14166666666666666,74.5375,2.4390382764218557,0.36934717929851474,0.7611244216917108,11.245231750339372,0.22365771095775405
0.7,0.1,11,180,16.035674514745462,chaos,8000,80,0.6594444444444443,0.4071994451639821,2.6847817460317454,0.14173611111111112,74.325,2.449141895063856,0.36197128664764966,0.7796524487555683,9.860540725518579,0.23283864968343576
0.7,0.1,9,180,16.035674514745462,chaos,8000,80,0.6252777777777776,0.3610921658353161,2.473492063492063,0.129375,74.275,2.452679718534963,0.3792580737297685,0.7368419251942454,11.905007769940056,0.2117615920683847
0.7,0.1,12,180,16.035674514745462,chaos,8000,80,0.6624007936507935,0.397911555974999,2.683214285714285,0.14048611111111112,74.275,2.447797512845089,0.3739969191160186,0.7570407121965544,10.42678441452759,0.215086240544075
0.7,0.1,13,180,16.035674514745462,chaos,8000,80,0.6547023809523809,0.3885558252234048,2.6618253968253964,0.13805555555555554,75.0375,2.4251820794784016,0.368237772530256,0.7580337727006266,10.448776772108893,0.2325726830856356
0.7,0.1,14,180,16.035674514745462,chaos,8000,80,0.693015873015873,0.40785860486846914,2.836944444444444,0.15090277777777777,74.425,2.435760744705205,0.37330200613695463,0.7733555703916244,11.851318011904388,0.24253887253010528
0.7,0.1,15,180,16.035674514745462,chaos,8000,80,0.6517460317460315,0.39328668816705437,2.5984325396825394,0.14229166666666665,73.2625,2.486526719189583,0.3717138767612311,0.7627884175627506,11.529018956788716,0.23492100581920025
0.7,0.1,16,180,16.035674514745462,chaos,8000,80,0.6747222222222221,0.39821128128781175,2.771527777777777,0.148125,73.875,2.4534068381269134,0.36598947710955265,0.7630125809831346,10.680948458131079,0.23092421186209394
0.7,0.1,17,180,16.035674514745462,chaos,8000,80,0.6540873015873014,0.3895552817887766,2.6456150793650783,0.135,74.8125,2.4293070706590725,0.3711836863464593,0.7555166793999039,10.792147468488135,0.22150095921644147
0.7,0.1,18,180,16.035674514745462,chaos,8000,80,0.6366468253968252,0.38115117251891373,2.5373015873015867,0.12715277777777775,75.175,2.418087620557776,0.3700425043790611,0.7550405943658356,10.590112381642651,0.22260697886512082
0.7,0.2,0,180,16.035674514745462,chaos,8000,80,0.665595238095238,0.3828675440520142,2.6253571428571427,0.1322222222222222,72.3875,2.512171894105419,0.37860762332706416,0.7489469690693555,11.515766288210298,0.22017311919829757
0.7,0.1,19,180,16.035674514745462,chaos,8000,80,0.6639285714285712,0.39140998984418235,2.6637499999999994,0.14048611111111112,73.2875,2.479646257678153,0.3632009237803965,0.7664290070841184,11.33387474235457,0.2160159369667134
0.7,0.2,1,180,16.035674514745462,chaos,8000,80,0.6558531746031745,0.3836809917437308,2.6051984126984125,0.13493055555555555,76.175,2.3861457299874376,0.36891492448713825,0.7635008330504066,11.349526785230358,0.23350098347109266
0.7,0.2,2,180,16.035674514745462,chaos,8000,80,0.6587301587301587,0.3732284990544011,2.6143452380952374,0.13534722222222223,73.0125,2.4858650856396336,0.3806749911716798,0.7545267749889967,13.037467753675102,0.21878695985302904
0.7,0.2,3,180,16.035674514745462,chaos,8000,80,0.6663888888888888,0.3859291383247182,2.640714285714285,0.14069444444444446,73.3,2.4823433821308405,0.363050000861492,0.764058133552039,11.131208694622833,0.22061588187722037
0.7,0.2,4,180,16.035674514745462,chaos,8000,80,0.6463888888888889,0.3724295381540596,2.528353174603174,0.1301388888888889,74.9,2.4213367625567015,0.36542602036253324,0.7606435605619564,10.337895856711128,0.2284361736500095
0.7,0.2,6,180,16.035674514745462,chaos,8000,80,0.6693452380952379,0.39390154543896594,2.6671230158730155,0.14340277777777777,73.8375,2.4612355428462513,0.3787247655316639,0.7653050110818077,11.282628145957002,0.23144715388546552
0.7,0.2,7,180,16.035674514745462,chaos,8000,80,0.6786507936507935,0.3995185454269664,2.732956349206349,0.14562499999999998,74.375,2.4403640852526327,0.3753698525932957,0.7648845361678296,12.489390597011495,0.2296185204535004
0.7,0.2,5,180,16.035674514745462,chaos,8000,80,0.670595238095238,0.4005480010870849,2.7399999999999993,0.15277777777777776,75.35,2.409178192311276,0.3781240381581922,0.7661536853957989,11.669785284412637,0.23376585286362594
0.7,0.2,9,180,16.035674514745462,chaos,8000,80,0.634424603174603,0.3775864116943026,2.5646428571428563,0.1329861111111111,72.9375,2.4873960987037265,0.3745343081190521,0.751773570133599,10.666389708037894,0.21073211473310222
0.7,0.2,8,180,16.035674514745462,chaos,8000,80,0.65515873015873,0.38092052550752814,2.6554365079365074,0.1309722222222222,72.975,2.493720190892913,0.3645968454286313,0.7590038395503722,11.445579418834763,0.21350072193027447
0.7,0.2,10,180,16.035674514745462,chaos,8000,80,0.6569246031746031,0.39264387466536,2.660297619047619,0.13923611111111112,73.6125,2.470683585651837,0.38148217694863973,0.7560929510765191,11.402140617567559,0.22288732849921927
0.7,0.2,11,180,16.035674514745462,chaos,8000,80,0.6238095238095237,0.37649618319855865,2.496369047619047,0.13347222222222221,75.2875,2.414929456536593,0.36907220410185226,0.7538593148352648,10.823502110310027,0.22326299748646355
0.7,0.2,12,180,16.035674514745462,chaos,8000,80,0.660892857142857,0.39415014028740775,2.647460317460317,0.13854166666666665,73.325,2.476568016090911,0.37608269315693466,0.7523446086915152,10.75592894913905,0.21831514330370855
0.7,0.2,13,180,16.035674514745462,chaos,8000,80,0.6550992063492063,0.3876360971251628,2.5468055555555553,0.12916666666666665,72.975,2.495465666998394,0.3738744760090791,0.7544819210012373,12.099338035981273,0.22721225747376259
0.7,0.2,14,180,16.035674514745462,chaos,8000,80,0.6364484126984126,0.38448351160317645,2.513194444444444,0.13513888888888886,75.5125,2.4073269969397573,0.36463476512140647,0.7660917520946062,10.221664268093878,0.23426338644842834
0.7,0.2,16,180,16.035674514745462,chaos,8000,80,0.6799206349206347,0.409688207754773,2.747460317460317,0.14854166666666666,74.4,2.44998725871343,0.3753841025628004,0.7693856908378205,10.603466077961482,0.2405607949736212
0.7,0.2,15,180,16.035674514745462,chaos,8000,80,0.6598015873015872,0.39949991916290356,2.669146825396825,0.14208333333333334,72.9,2.487617062638521,0.37310497399360687,0.7616337506732694,11.105893248201008,0.22248496195542727
0.7,0.2,18,180,16.035674514745462,chaos,8000,80,0.6588492063492062,0.376979038217817,2.613194444444444,0.13833333333333334,73.8,2.462348780107038,0.3737595437005057,0.7633859289151896,11.497855153572072,0.22520596095840467
0.7,0.2,17,180,16.035674514745462,chaos,8000,80,0.6504563492063491,0.38303086887098986,2.632380952380952,0.13513888888888886,74.25,2.449202011604389,0.3645244887696584,0.771531276826882,11.313569787656894,0.22391251363910425
0.7,0.4,0,180,16.035674514745462,chaos,8000,80,0.6810714285714285,0.4043508858580873,2.7066865079365074,0.14194444444444446,72.5125,2.5096344955636187,0.37239726014798846,0.7672710644611168,10.898168416384259,0.2268556368728639
0.7,0.2,19,180,16.035674514745462,chaos,8000,80,0.6476984126984127,0.38437237241303546,2.5576785714285712,0.1322222222222222,74.725,2.42903756152116,0.3626415637370644,0.7629695567204319,10.125073563948256,0.21572262120754787
0.7,0.4,1,180,16.035674514745462,chaos,8000,80,0.6516468253968253,0.3825247694538837,2.6539087301587294,0.1396527777777778,73.9875,2.451300191247913,0.3691294506615744,0.7587323104416344,10.588124892445844,0.2190700624832536
0.7,0.4,2,180,16.035674514745462,chaos,8000,80,0.6784126984126984,0.3927119563017502,2.666428571428571,0.13895833333333335,73.9375,2.456319905885924,0.3732290030223443,0.7604351116677437,10.942717004629632,0.23327583404537236
0.7,0.4,3,180,16.035674514745462,chaos,8000,80,0.6643650793650793,0.40091566649804067,2.640992063492063,0.14173611111111112,74.0,2.4540134828757614,0.3726328838739456,0.7574198749332706,10.752373649948842,0.21345942148751645
0.7,0.4,4,180,16.035674514745462,chaos,8000,80,0.6538888888888887,0.39181342567472977,2.6176587301587295,0.14229166666666665,73.375,2.476850819904287,0.37667762352511075,0.7506714183112271,10.420327242602013,0.2208512700682037
0.7,0.4,5,180,16.035674514745462,chaos,8000,80,0.6604365079365078,0.4040608687789108,2.6691865079365074,0.1442361111111111,72.8875,2.493154009767487,0.3764622083651543,0.763905660825474,10.411632759658412,0.21495767945172856
0.7,0.4,6,180,16.035674514745462,chaos,8000,80,0.6675396825396824,0.38949566066782026,2.653253968253968,0.1388888888888889,75.4625,2.403470986514143,0.3817954116972392,0.7670268609263503,12.70098783534851,0.2311912011280576
0.7,0.4,7,180,16.035674514745462,chaos,8000,80,0.6649206349206348,0.38856672822033084,2.628710317460317,0.1386111111111111,74.6125,2.435292550270201,0.3731696773556158,0.7559911727155975,11.07808332191666,0.238132202050311
0.7,0.4,8,180,16.035674514745462,chaos,8000,80,0.6674007936507935,0.3926593654243097,2.711289682539682,0.14618055555555556,74.5125,2.438285692282928,0.3644544622051656,0.7671655261250347,11.833727825349394,0.2291350772813999
0.7,0.4,9,180,16.035674514745462,chaos,8000,80,0.6598809523809523,0.39324437660701134,2.6040476190476185,0.1348611111111111,74.1125,2.4539640283830764,0.3712515381460643,0.7640524132206274,10.933924345630828,0.22946629778548705
0.7,0.4,11,180,16.035674514745462,chaos,8000,80,0.6725,0.3887740971777388,2.6281746031746027,0.13819444444444445,72.8625,2.488878536949463,0.3657974656469639,0.7593997294505309,12.03521945380312,0.2242161488527385
0.7,0.4,10,180,16.035674514745462,chaos,8000,80,0.6892460317460316,0.40326558161570547,2.782400793650793,0.15381944444444445,73.7375,2.467196483504862,0.3802959376207566,0.7696058460952528,11.115037203858446,0.22068538743530203
0.7,0.4,12,180,16.035674514745462,chaos,8000,80,0.6669246031746031,0.38087029155863317,2.627361111111111,0.13722222222222222,73.725,2.4639252823438733,0.37632206369946053,0.7582398099857637,11.016234772899804,0.22508765630899674
0.7,0.4,13,180,16.035674514745462,chaos,8000,80,0.6536111111111109,0.3941719120107975,2.7031547619047616,0.14152777777777778,74.0125,2.4609256779848203,0.3770565464376031,0.7612164899790572,11.905935453716776,0.23027317893520557
0.7,0.4,14,180,16.035674514745462,chaos,8000,80,0.650595238095238,0.37725023833629,2.60063492063492,0.13708333333333333,74.5375,2.4420244998855782,0.3664489476600826,0.7708494692990249,11.234860620945138,0.23220372719109372
0.7,0.4,15,180,16.035674514745462,chaos,8000,80,0.6744246031746031,0.4031722600966967,2.770992063492063,0.15381944444444445,71.8375,2.526439110195287,0.367879999198944,0.7786449038541537,11.173101805120087,0.2229412514674983
0.7,0.4,16,180,16.035674514745462,chaos,8000,80,0.6446230158730157,0.38987581047302466,2.553273809523809,0.13256944444444446,74.325,2.440168936366598,0.37125737285451643,0.7676258616658388,10.045935829200545,0.23922663025202012
0.7,0.4,17,180,16.035674514745462,chaos,8000,80,0.6712896825396825,0.3895600241439706,2.6427777777777774,0.14006944444444444,73.2,2.480794236581552,0.37134455979121983,0.7520695275487056,10.71902214924908,0.2177615727712737
0.7,0.4,18,180,16.035674514745462,chaos,8000,80,0.651031746031746,0.3866101451964976,2.6006746031746024,0.13763888888888892,73.425,2.4743606604336597,0.3740139162740787,0.7612421457441304,10.048635167953176,0.22810400078751097
0.7,0.4,19,180,16.035674514745462,chaos,8000,80,0.6680753968253967,0.39960223116547205,2.7369841269841264,0.148125,74.7375,2.4337286820265795,0.37437638516463795,0.7708479500725952,11.645965120469725,0.22656617338979937
0.7,0.8,1,180,16.035674514745462,chaos,8000,80,0.6361904761904761,0.3765322682145651,2.4930753968253967,0.125625,76.1125,2.394067829562425,0.3620603020613292,0.7674141229694812,10.449470473616259,0.22942645546785304
0.7,0.8,0,180,16.035674514745462,chaos,8000,80,0.6537103174603173,0.3904037058394588,2.602876984126984,0.13451388888888888,72.9875,2.4914509663549955,0.37627429084673947,0.756408233243415,11.528804036463171,0.224396753123658
0.7,0.8,2,180,16.035674514745462,chaos,8000,80,0.6336904761904761,0.3729915662317073,2.525178571428571,0.13166666666666665,73.7125,2.4702757724370046,0.3768501807789446,0.7548894965385841,11.366913993502866,0.21822724198614205
0.7,0.8,3,180,16.035674514745462,chaos,8000,80,0.6894047619047617,0.40154803259003236,2.724027777777777,0.14743055555555556,74.625,2.4360514711563255,0.3708546023909551,0.764602118091827,10.733244088238035,0.2385564673285086
0.7,0.8,4,180,16.035674514745462,chaos,8000,80,0.6688095238095236,0.3997725798724726,2.665238095238095,0.1448611111111111,72.9875,2.4909129414627933,0.3725426048273941,0.7658926844449729,10.891322680396772,0.2307409816353725
0.7,0.8,5,180,16.035674514745462,chaos,8000,80,0.659642857142857,0.3921697230851976,2.6319444444444438,0.13854166666666665,72.7375,2.503409266811237,0.3754306401989137,0.756538002774468,11.022418744722724,0.21889900092991765
0.7,0.8,6,180,16.035674514745462,chaos,8000,80,0.6594841269841268,0.39849550896836233,2.69063492063492,0.1447222222222222,73.2625,2.4795835181914527,0.37273481192477853,0.7566810392141894,11.474362671948883,0.23609381491026005
0.7,0.8,7,180,16.035674514745462,chaos,8000,80,0.6363095238095237,0.37880764884933227,2.613690476190476,0.13423611111111108,74.95,2.426218745726664,0.3769608365323204,0.7557500242804004,11.084943015397162,0.23426511653563126
0.7,0.8,8,180,16.035674514745462,chaos,8000,80,0.6704166666666665,0.3863722617650004,2.6449999999999996,0.134375,74.525,2.4499658477392794,0.36025999534003733,0.7670360228540554,10.372915474923492,0.2293830513508368
0.7,0.8,9,180,16.035674514745462,chaos,8000,80,0.6721031746031745,0.3875375422186558,2.67095238095238,0.14020833333333335,74.625,2.4364906643082955,0.37795704144680287,0.7616495406094697,12.964834142739104,0.22688322336766814
0.7,0.8,10,180,16.035674514745462,chaos,8000,80,0.6694246031746032,0.3899591085735933,2.6876984126984125,0.1388888888888889,75.0375,2.4196952051928937,0.3705764013949816,0.7733296279863515,12.006324357659302,0.22997958304669117
0.7,0.8,11,180,16.035674514745462,chaos,8000,80,0.6397817460317459,0.3709765596153217,2.58406746031746,0.133125,73.3375,2.4751553375581734,0.3736130597368999,0.7626789938285112,11.307446171803937,0.22708595156497086
0.7,0.8,12,180,16.035674514745462,chaos,8000,80,0.6669246031746031,0.38705316740704776,2.574146825396825,0.13590277777777776,74.9125,2.4298842875554967,0.3671523283982463,0.7576412433839707,11.25920098544621,0.2312977448902263
0.7,0.8,13,180,16.035674514745462,chaos,8000,80,0.6502380952380952,0.3893793022079971,2.6024007936507934,0.1370138888888889,76.05,2.3947949095225733,0.3630778431155489,0.7716756828555982,11.321234587550217,0.2263789487920344
0.7,0.8,14,180,16.035674514745462,chaos,8000,80,0.6660515873015872,0.39287347707982734,2.6477777777777773,0.13597222222222222,73.625,2.4735211902607297,0.37066681032342547,0.7631281427030709,10.442027799307024,0.2199145095449536
0.7,0.8,15,180,16.035674514745462,chaos,8000,80,0.6277777777777777,0.37101128230474123,2.493273809523809,0.13201388888888888,75.65,2.407824661598839,0.3623343896194219,0.7620366807458299,10.502559355700608,0.23889368163849106
0.7,0.8,16,180,16.035674514745462,chaos,8000,80,0.674781746031746,0.41082295415999875,2.7027380952380944,0.14763888888888888,74.325,2.4528234778872275,0.37064190865841107,0.7662328481319575,9.930623138676177,0.23231441789804172
0.7,0.8,17,180,16.035674514745462,chaos,8000,80,0.6616666666666665,0.3900673273593084,2.6530753968253964,0.1398611111111111,73.4125,2.474492266772471,0.3734905829915315,0.767925622213526,12.094090887003619,0.2253816988138504
0.7,0.8,18,180,16.035674514745462,chaos,8000,80,0.6496626984126983,0.37780499788649397,2.5821626984126977,0.13923611111111112,74.4,2.451008455394042,0.3763453893327897,0.7548019933605985,10.797161299450687,0.20976920899290552
0.7,1.2,0,180,16.035674514745462,chaos,8000,80,0.6654365079365079,0.3974710479831388,2.644960317460317,0.138125,74.05,2.456936237031745,0.37288099080429904,0.7598928308214126,10.730174654858677,0.23122654978878013
0.7,0.8,19,180,16.035674514745462,chaos,8000,80,0.666765873015873,0.41186009751875685,2.657599206349206,0.14395833333333333,75.2,2.426013735637004,0.3700415886982874,0.7555748147369592,10.994527839850965,0.22180142354186994
0.7,1.2,1,180,16.035674514745462,chaos,8000,80,0.666111111111111,0.3979701160296847,2.61406746031746,0.13590277777777776,73.8,2.463817405603657,0.3686043844429764,0.7645518167885151,10.32933279433613,0.2231674782729968
0.7,1.2,2,180,16.035674514745462,chaos,8000,80,0.6693253968253967,0.3897538654723438,2.660615079365079,0.1396527777777778,74.65,2.4317325464988726,0.3627648554414734,0.7735747827226908,11.402653035526956,0.23272374687881422
0.7,1.2,3,180,16.035674514745462,chaos,8000,80,0.6653571428571428,0.3968746814416788,2.6680158730158725,0.1422222222222222,74.1625,2.4601105144567175,0.36795587346246095,0.7651576863577223,10.355648217630002,0.24405884415796733
0.7,1.2,4,180,16.035674514745462,chaos,8000,80,0.680376984126984,0.40675198619455355,2.6638293650793647,0.14354166666666668,73.7875,2.4647175410954913,0.37580223820907704,0.7637804419551856,10.309930049545766,0.2235822485785149
0.7,1.2,5,180,16.035674514745462,chaos,8000,80,0.6509722222222221,0.39093684372877024,2.601051587301587,0.14020833333333332,75.0875,2.4177825222419584,0.364273628667943,0.7665456799727126,10.745433953958871,0.24433105369425503
0.7,1.2,6,180,16.035674514745462,chaos,8000,80,0.6575,0.4016878466335882,2.685734126984127,0.14708333333333332,76.175,2.3903470930340944,0.37711696715170007,0.7655442248883951,11.91566501047393,0.22923919784674393
0.7,1.2,7,180,16.035674514745462,chaos,8000,80,0.6798214285714285,0.41223034436870376,2.7557936507936502,0.14319444444444446,74.5125,2.4384395972144377,0.37733349474214395,0.7640854681466498,10.233560153428437,0.22893385787208326
0.7,1.2,8,180,16.035674514745462,chaos,8000,80,0.6682142857142856,0.3981084159085625,2.7085912698412695,0.1463888888888889,74.9,2.4257572317054623,0.3738187250850714,0.7664362619663544,10.890672958324302,0.22414103187725282
0.7,1.2,9,180,16.035674514745462,chaos,8000,80,0.6605555555555555,0.39940028046126785,2.651587301587301,0.1433333333333333,74.1375,2.452131890889227,0.37142519507388416,0.7701354564586003,10.727988159096373,0.23277713496146407
0.7,1.2,10,180,16.035674514745462,chaos,8000,80,0.6678769841269839,0.38527466781881536,2.684186507936507,0.13784722222222223,75.2125,2.4126151728190424,0.37418562788472504,0.7667260087359473,11.707060593054923,0.23589766131737364
0.7,1.2,11,180,16.035674514745462,chaos,8000,80,0.6502976190476188,0.3887562907563088,2.6111706349206343,0.140625,74.8,2.431161915985105,0.3713600683716665,0.7657865897065179,11.110564370226493,0.22860059611082556
0.7,1.2,12,180,16.035674514745462,chaos,8000,80,0.6969047619047618,0.40590970482095984,2.7508730158730152,0.1386111111111111,75.55,2.400202919252635,0.3717697049137163,0.7536346630000685,9.88991809231545,0.23276221805632064
0.7,1.2,13,180,16.035674514745462,chaos,8000,80,0.677440476190476,0.3960128177412489,2.6837499999999994,0.13902777777777778,74.7125,2.434318822964955,0.3721481108891531,0.7723215759462025,11.356801787569406,0.23123574855326606
0.7,1.2,15,180,16.035674514745462,chaos,8000,80,0.6546626984126982,0.39476592735526833,2.650615079365079,0.14527777777777778,74.6625,2.439256777690258,0.36683368107029096,0.7583022061339502,10.766596164592256,0.2351108009187211
0.7,1.2,16,180,16.035674514745462,chaos,8000,80,0.6684722222222221,0.3958402292605683,2.6470238095238092,0.14277777777777775,75.8125,2.3961232061152975,0.36571964152882297,0.7805257770500715,10.68466078334787,0.236377190841396
0.7,1.2,14,180,16.035674514745462,chaos,8000,80,0.6813492063492063,0.4063699853104703,2.770079365079365,0.14541666666666667,74.0625,2.4607399779784647,0.37656877791420107,0.7636574186757388,11.47513674178559,0.2293904470425688
0.7,1.2,17,180,16.035674514745462,chaos,8000,80,0.6630158730158728,0.39417299340668405,2.626964285714285,0.13729166666666667,75.2625,2.4143802288361753,0.367149367472665,0.7705050401337892,11.187362839090072,0.23649181842186615
0.7,1.2,18,180,16.035674514745462,chaos,8000,80,0.6588690476190475,0.38841291084045276,2.6725992063492057,0.14055555555555557,75.45,2.413984872520733,0.3626279421466418,0.7732483136623671,11.26368578666995,0.2475398897793682
0.7,1.2,19,180,16.035674514745462,chaos,8000,80,0.6846031746031744,0.39476649999001634,2.7274999999999996,0.14229166666666665,74.8,2.428324875100465,0.37513535043864155,0.7638486848027091,10.94750183351537,0.2250516483147596
0.8,0.01,0,180,15.0,chaos,8000,80,0.7657341269841268,0.45420910732713715,3.1980555555555545,0.16770833333333332,68.6,2.650134081410112,0.3780496541275168,0.763279590580343,10.332205268126017,0.22482088031096076
0.8,0.01,1,180,15.0,chaos,8000,80,0.7511507936507936,0.44790179136264713,3.0905357142857133,0.16666666666666666,68.05,2.6781949680949784,0.3705064083034263,0.7711822390536746,10.06410041408804,0.2393351376253941
0.8,0.01,2,180,15.0,chaos,8000,80,0.7778174603174601,0.4628419189838714,3.1855753968253966,0.1682638888888889,68.0,2.6744450286868497,0.3766731987193239,0.7703613448441644,9.991774273247641,0.23791485416800348
0.8,0.01,3,180,15.0,chaos,8000,80,0.7672817460317459,0.4552928892394349,3.1399404761904757,0.1622222222222222,70.125,2.5989104997549646,0.36642856981577726,0.7813145303527049,9.358816233258143,0.23951009738029763
0.8,0.01,5,180,15.0,chaos,8000,80,0.7249007936507935,0.4239517253873714,2.8709722222222216,0.1442361111111111,70.3,2.587107381278514,0.37457437257652076,0.765284890202334,9.90634052877452,0.23646189806194745
0.8,0.01,4,180,15.0,chaos,8000,80,0.7556547619047617,0.4570990180532718,3.1472222222222217,0.16416666666666666,69.05,2.639366231481295,0.3737559692170566,0.7735268762032508,9.508925613003726,0.2410238894055273
0.8,0.01,6,180,15.0,chaos,8000,80,0.7415277777777776,0.442933943666351,3.0764880952380946,0.1542361111111111,69.05,2.632629413509669,0.37592644541859954,0.7584327276441953,11.63224342624969,0.236971377777537
0.8,0.01,7,180,15.0,chaos,8000,80,0.7497023809523808,0.4424910315050852,3.038591269841269,0.14590277777777777,68.4875,2.6602192328724654,0.3732475686143963,0.765396221228571,9.242648699768978,0.24234800858677338
0.8,0.01,8,180,15.0,chaos,8000,80,0.7674007936507935,0.4558762328053637,3.112678571428571,0.15895833333333334,68.55,2.6480359911735354,0.3740332995471828,0.7737424186897782,10.101099861857232,0.23250725034767178
0.8,0.01,9,180,15.0,chaos,8000,80,0.7461309523809523,0.4504904851210775,3.105257936507936,0.15916666666666665,67.575,2.696202281915424,0.37501039241809836,0.770670709580582,10.266073227902044,0.2461715671617056
0.8,0.01,10,180,15.0,chaos,8000,80,0.7454563492063491,0.45475069626664844,3.0287499999999996,0.15965277777777778,70.0375,2.5908915244853667,0.3771868932299528,0.7691639635227114,8.922818602788388,0.25008171512918353
0.8,0.01,11,180,15.0,chaos,8000,80,0.7360317460317459,0.44451715971604033,3.049821428571428,0.16368055555555555,70.3,2.5897115232562435,0.36720872610196525,0.7837692795989032,10.454677789636023,0.24482591434372614
0.8,0.01,12,180,15.0,chaos,8000,80,0.7703373015873014,0.4555374031263348,3.180694444444444,0.16486111111111112,68.225,2.6683137652877433,0.3775963179597837,0.7680860432189778,10.904317963346637,0.2327170519126595
0.8,0.01,14,180,15.0,chaos,8000,80,0.7563293650793649,0.4542693019398212,3.055039682539682,0.15652777777777777,69.2625,2.6262341304116803,0.3725825017166931,0.773893283964525,9.320205447239559,0.23258960874495888
0.8,0.01,13,180,15.0,chaos,8000,80,0.7483531746031745,0.44864210500112006,3.0479563492063484,0.1588888888888889,69.7,2.627500767321974,0.3757975208385217,0.7654314279204055,9.934869098616433,0.23331347396563173
0.8,0.01,15,180,15.0,chaos,8000,80,0.745595238095238,0.4301777771137182,3.0445238095238087,0.15659722222222222,69.6875,2.616699254285585,0.3737918957014238,0.774671057560606,10.345167800849449,0.24511288209289894
0.8,0.01,16,180,15.0,chaos,8000,80,0.7561309523809523,0.4427026522574825,3.0410317460317455,0.15729166666666666,69.3,2.619329619820369,0.3733809026207749,0.7726968719291747,10.046857774860541,0.24243882456036073
0.8,0.01,17,180,15.0,chaos,8000,80,0.7480158730158729,0.45288544453612606,3.0446428571428568,0.16263888888888886,69.3,2.6314285425700032,0.37964652556066597,0.7747658109256778,9.410545091268727,0.23095084115556547
0.8,0.01,18,180,15.0,chaos,8000,80,0.7526190476190475,0.44692113031477987,3.013214285714285,0.15173611111111113,68.1625,2.6666263729630777,0.3754659465170017,0.7639400411114957,9.61034981044651,0.23295028046029215
0.8,0.01,19,180,15.0,chaos,8000,80,0.7635317460317459,0.4555506630542888,3.0924999999999994,0.15805555555555556,70.325,2.6067032348133,0.37342133221402607,0.7731702279330943,9.541658281155401,0.23924878508095607
0.8,0.05,0,180,15.0,chaos,8000,80,0.7489484126984125,0.4388788485815164,3.019583333333333,0.15097222222222223,69.7125,2.610622220059323,0.36895986793200625,0.7749884993248722,9.136121349381964,0.23434113338093923
0.8,0.05,1,180,15.0,chaos,8000,80,0.7650595238095237,0.44547196495298574,3.0629960317460307,0.1597222222222222,69.275,2.6173532799294916,0.3795163013824047,0.7628137340660937,9.636876248409715,0.22887019158992575
0.8,0.05,2,180,15.0,chaos,8000,80,0.7509920634920634,0.45247466239590806,3.0318650793650788,0.159375,69.95,2.5990969372900894,0.3714139333296534,0.7729347100025897,9.68518744783726,0.24266242279761455
0.8,0.05,3,180,15.0,chaos,8000,80,0.7426587301587301,0.4530357038449916,3.0247023809523803,0.1620138888888889,68.9375,2.639136138872939,0.3701652255666208,0.7731387473294237,9.877010619889555,0.2357779548618999
0.8,0.05,4,180,15.0,chaos,8000,80,0.7615476190476189,0.4602750416805092,3.1717261904761904,0.16680555555555557,69.4875,2.6241014034122534,0.3764751641660726,0.7755488712863008,9.139733587462079,0.22973711338976824
0.8,0.05,5,180,15.0,chaos,8000,80,0.7752380952380952,0.47195653771477153,3.1141071428571423,0.16472222222222221,69.8125,2.598479363234466,0.3694386496025405,0.7714814111651265,9.543500444245645,0.23410949161924285
0.8,0.05,6,180,15.0,chaos,8000,80,0.743611111111111,0.45894937742800346,3.0401587301587294,0.15965277777777778,70.2375,2.592691811544534,0.366638291430142,0.7755189474075002,9.741723742161872,0.23777055278525597
0.8,0.05,7,180,15.0,chaos,8000,80,0.7580952380952379,0.4506963617363532,3.0486706349206343,0.15534722222222222,68.275,2.66210645185824,0.38042804708160105,0.7790880399548884,9.911772761337556,0.24299122601174958
0.8,0.05,8,180,15.0,chaos,8000,80,0.7526785714285713,0.4480457443003501,3.0776190476190473,0.15611111111111112,69.7625,2.6022346227747235,0.3690389245272433,0.7784826239539038,9.546217092597937,0.24219345576800705
0.8,0.05,9,180,15.0,chaos,8000,80,0.7450198412698412,0.43848603050232526,2.960277777777777,0.14548611111111112,70.525,2.577908258099437,0.3667186658849108,0.7758408512439064,9.164452074044622,0.23514467606983147
0.8,0.05,11,180,15.0,chaos,8000,80,0.7394047619047618,0.4437480331915665,2.933492063492063,0.15208333333333335,71.0,2.5614464273158113,0.3652273648759058,0.7845803656651563,9.3877571653052,0.25277958938147294
0.8,0.05,10,180,15.0,chaos,8000,80,0.7765277777777776,0.4649870290283551,3.19422619047619,0.16847222222222222,68.8875,2.6363054996083717,0.37797281430099455,0.7749205655570585,9.74133627066137,0.23896020976988686
0.8,0.05,12,180,15.0,chaos,8000,80,0.797361111111111,0.4634453129884686,3.2316666666666665,0.16597222222222224,67.4875,2.7062480937388953,0.3762064184160418,0.7649635494730116,9.927475311174112,0.2494075672327531
0.8,0.05,13,180,15.0,chaos,8000,80,0.7446626984126983,0.4376705569177375,3.0383730158730153,0.15499999999999997,69.4625,2.6185908346944475,0.377123565301796,0.7633167140386623,9.587207294770195,0.23946858470676746
0.8,0.05,14,180,15.0,chaos,8000,80,0.7591865079365078,0.4449301957918103,3.1019841269841266,0.15993055555555555,70.825,2.560864141511412,0.3612162560363509,0.7710242687792771,9.37090473973868,0.23535306390393332
0.8,0.05,16,180,15.0,chaos,8000,80,0.7410317460317459,0.44656635229439506,3.011150793650793,0.1542361111111111,67.65,2.699229902120031,0.3852454014310284,0.7519445325771359,10.11440915452174,0.23577866341191606
0.8,0.05,15,180,15.0,chaos,8000,80,0.7381547619047618,0.44657400379424417,3.0234920634920632,0.15430555555555556,68.95,2.637607598106154,0.37062791537932177,0.7725903248903563,9.240323593104161,0.233306790402865
0.8,0.05,17,180,15.0,chaos,8000,80,0.7609325396825396,0.4563244914403448,3.1111706349206343,0.16680555555555557,68.3625,2.660248638789279,0.377378505889133,0.7614161342766655,10.386398872916462,0.23749307852858687
0.8,0.05,18,180,15.0,chaos,8000,80,0.7519246031746031,0.43608090197824023,3.0315079365079356,0.15319444444444444,68.2125,2.6652999343099166,0.37799563163522854,0.7700801604459783,8.957176673826101,0.22223773537034405
0.8,0.1,0,180,15.0,chaos,8000,80,0.7628571428571427,0.4561540861899488,3.074186507936507,0.16104166666666667,68.4625,2.6631301472780087,0.3615494293427547,0.7822679450402757,10.638191947125915,0.25416503885236724
0.8,0.05,19,180,15.0,chaos,8000,80,0.765674603174603,0.4612070737145492,3.154146825396825,0.16583333333333333,68.05,2.668163287967353,0.3791263614737776,0.7645097037937735,9.797517892584853,0.24194467366641215
0.8,0.1,2,180,15.0,chaos,8000,80,0.7476785714285713,0.4418116743130899,3.0575198412698406,0.1560416666666667,70.0125,2.5946482495751444,0.37851021902175247,0.7549386433535457,10.841054899941541,0.22291950103892094
0.8,0.1,1,180,15.0,chaos,8000,80,0.7478968253968252,0.44726796544369646,3.045119047619047,0.1547222222222222,69.7,2.611799866570056,0.3756079248956354,0.7751101827205471,9.69234697605307,0.22813712040932077
0.8,0.1,3,180,15.0,chaos,8000,80,0.7724999999999999,0.4436447058546271,3.1273611111111106,0.15875,68.8375,2.6459637185300595,0.37107126635590826,0.782737900435155,9.30652125569817,0.24281957546274943
0.8,0.1,4,180,15.0,chaos,8000,80,0.7727579365079363,0.47684392432160116,3.1974999999999993,0.16944444444444445,68.4875,2.654036807744869,0.374135755819602,0.7684250233861916,9.326641987588033,0.24886055785289657
0.8,0.1,5,180,15.0,chaos,8000,80,0.7649603174603173,0.44581627909819,3.1091468253968246,0.15437499999999998,69.3625,2.6270100275333084,0.37390989674751574,0.766596116252153,9.272753978563937,0.22763062080833488
0.8,0.1,6,180,15.0,chaos,8000,80,0.7442261904761904,0.4468964836693788,3.033313492063491,0.15291666666666667,69.7875,2.6055847352279686,0.3634952412156813,0.7843125037218515,8.805119884160579,0.22981218025859151
0.8,0.1,7,180,15.0,chaos,8000,80,0.7507539682539681,0.4615945928845207,3.1230158730158726,0.16243055555555558,68.1375,2.6807981449297436,0.3794005180785586,0.7688135804204237,9.31453939153216,0.2310073170476516
0.8,0.1,8,180,15.0,chaos,8000,80,0.7571626984126982,0.45329188807739057,3.143214285714285,0.1589583333333333,68.375,2.668245966915806,0.3836101635497554,0.7608452209292882,10.574313803058013,0.24181506082366805
0.8,0.1,9,180,15.0,chaos,8000,80,0.7597420634920633,0.4608957260815412,3.1633333333333327,0.16243055555555558,67.475,2.691575995959583,0.3807104104223106,0.7664297560099952,10.294578523760318,0.2287109868566027
0.8,0.1,11,180,15.0,chaos,8000,80,0.7623809523809523,0.4471250001590651,3.0999801587301583,0.16666666666666669,69.55,2.614799924707967,0.37468217209002935,0.7624717195075265,10.162921475886373,0.23744358933764548
0.8,0.1,12,180,15.0,chaos,8000,80,0.7524603174603174,0.4417889408482911,3.0699999999999994,0.15805555555555556,70.0375,2.6010726954931123,0.3787210775708073,0.7774186726590281,10.355915449024007,0.2435152157237055
0.8,0.1,10,180,15.0,chaos,8000,80,0.7199801587301586,0.43928449714563944,2.936507936507936,0.1473611111111111,70.2625,2.588335875234636,0.37198385130792877,0.7701418131958422,9.521731423096169,0.25216449016372855
0.8,0.1,13,180,15.0,chaos,8000,80,0.7174603174603174,0.4281068531395036,2.9098412698412695,0.14548611111111112,70.375,2.5835754096399226,0.3706156666532846,0.7647475822429687,9.492009280390167,0.24600681178425976
0.8,0.1,14,180,15.0,chaos,8000,80,0.7695634920634918,0.4662054055682293,3.115753968253968,0.16249999999999998,68.25,2.675164982080807,0.37567614502688607,0.7647440045616338,9.946505091570202,0.2391387029119855
0.8,0.1,15,180,15.0,chaos,8000,80,0.7800793650793649,0.4682225354294921,3.2314880952380944,0.1686111111111111,66.7375,2.7283866445665717,0.38334085004465523,0.7639772824308405,10.116092354185223,0.2324640738953697
0.8,0.1,16,180,15.0,chaos,8000,80,0.7805555555555553,0.4661586882310786,3.2033134920634914,0.16722222222222222,68.225,2.6662066321881777,0.3778452967552056,0.7728736743559091,8.930788060052413,0.23323391944900287
0.8,0.1,17,180,15.0,chaos,8000,80,0.7738293650793648,0.45527424759725604,3.1823809523809516,0.16034722222222222,69.0625,2.630045957892519,0.37314912619898566,0.7648979107235306,10.399462976512302,0.24357800354756726
0.8,0.1,18,180,15.0,chaos,8000,80,0.740595238095238,0.44982794272771975,2.9798015873015866,0.15944444444444444,68.1875,2.6780741582785073,0.378241493827294,0.7549905977018148,9.722781151717873,0.24130478309714007
0.8,0.2,0,180,15.0,chaos,8000,80,0.761626984126984,0.4527920712864047,3.067480158730158,0.16895833333333332,68.975,2.637951670240485,0.379802500663115,0.7688504456789929,9.802602570283623,0.22959428010711846
0.8,0.1,19,180,15.0,chaos,8000,80,0.7532142857142856,0.4491106082789811,3.0790873015873013,0.16680555555555557,70.5875,2.578875130367691,0.3756121312405677,0.7721096132698944,10.813999262061888,0.24277857990883273
0.8,0.2,1,180,15.0,chaos,8000,80,0.7432142857142855,0.44500180074619944,2.972837301587301,0.146875,69.3875,2.6232284381970037,0.3759268883705047,0.7650363832871693,9.75497888155537,0.24671589650086662
0.8,0.2,2,180,15.0,chaos,8000,80,0.7221825396825396,0.44514732817845726,2.920694444444444,0.1520138888888889,71.1125,2.5580305085655226,0.3744635467356452,0.7683744236508998,9.178348312746115,0.22716034733109805
0.8,0.2,3,180,15.0,chaos,8000,80,0.7546825396825396,0.4652134316523771,3.143630952380952,0.16729166666666667,69.0,2.6379054192455293,0.37412217648238416,0.7700585081286759,10.619151414813782,0.23487971815631425
0.8,0.2,4,180,15.0,chaos,8000,80,0.7780753968253966,0.45671625606403266,3.1522023809523803,0.16118055555555555,68.9375,2.634734579251204,0.3744427845393298,0.7725028555487436,8.902874837537661,0.23573009823789642
0.8,0.2,5,180,15.0,chaos,8000,80,0.7546031746031745,0.467655845773545,3.1288690476190473,0.1665972222222222,69.3,2.623199288788993,0.3738397205654307,0.7710089908891997,8.867986635159161,0.23407007172459196
0.8,0.2,6,180,15.0,chaos,8000,80,0.7496230158730157,0.4429103779133966,3.0675793650793644,0.15680555555555556,69.0625,2.635370887039065,0.3719906355334578,0.764139879768607,10.672418672198424,0.2420655100995745
0.8,0.2,8,180,15.0,chaos,8000,80,0.7360119047619047,0.4516097324319098,2.9920833333333325,0.15479166666666666,68.525,2.658485067950224,0.37966115587998733,0.7692101829017768,9.573647894134993,0.243100272435683
0.8,0.2,7,180,15.0,chaos,8000,80,0.7537103174603174,0.4522809280767879,3.1194841269841267,0.17402777777777775,68.8125,2.6450161696835353,0.37782050629084096,0.7695637524801457,9.937557162736056,0.24092572178196453
0.8,0.2,9,180,15.0,chaos,8000,80,0.7501984126984127,0.45584907477197395,3.0852777777777773,0.15944444444444444,70.5625,2.5789326639808814,0.37270400289265276,0.7749525799651691,9.518748716797246,0.2428532458957755
0.8,0.2,10,180,15.0,chaos,8000,80,0.7469841269841269,0.4363438548678614,2.993214285714285,0.1584722222222222,70.575,2.5792560769351964,0.3693341049016717,0.7807506774107743,9.653243791303131,0.23948623634407765
0.8,0.2,11,180,15.0,chaos,8000,80,0.7606746031746031,0.447196734484694,3.1057936507936503,0.16145833333333334,68.65,2.651717094609404,0.38086341852836736,0.7573784217548979,9.603811582852137,0.23650405704479036
0.8,0.2,12,180,15.0,chaos,8000,80,0.7848015873015871,0.47110840800209725,3.2394246031746023,0.16840277777777776,68.725,2.6557941956952984,0.3702327489402616,0.7768990163098044,9.800222690269695,0.24471229215609785
0.8,0.2,13,180,15.0,chaos,8000,80,0.7387301587301586,0.43363603220920355,2.9761904761904754,0.15069444444444444,69.55,2.611683178473407,0.36572285600345106,0.783144478343449,9.119795045321789,0.23940072627889314
0.8,0.2,14,180,15.0,chaos,8000,80,0.7595436507936506,0.47412720436320266,3.1268849206349203,0.17472222222222222,69.9375,2.5971394966666237,0.3672440737724539,0.785253668819774,8.981308699488789,0.22346540955728994
0.8,0.2,15,180,15.0,chaos,8000,80,0.7676587301587301,0.4533814932007152,3.1214682539682537,0.15902777777777777,69.675,2.6146739646285555,0.3703252354841738,0.7751354847869226,9.653686060008818,0.2479381753667577
0.8,0.2,16,180,15.0,chaos,8000,80,0.7525396825396824,0.4416714563996174,3.0390476190476186,0.1597916666666667,70.45,2.5799115934682972,0.38200492919600143,0.7625561582079043,9.8720044667881,0.22710954399185934
0.8,0.2,17,180,15.0,chaos,8000,80,0.7508531746031745,0.45352138323010677,3.075376984126984,0.15631944444444446,68.0875,2.677316346070736,0.37908669556988456,0.7653298475700344,9.685667101162789,0.23357225188855377
0.8,0.2,18,180,15.0,chaos,8000,80,0.7257936507936507,0.42862365670613906,2.9548809523809516,0.14708333333333332,69.9375,2.594961479677356,0.3712106569206918,0.7828136080496455,10.385065724206996,0.24203463477528037
0.8,0.2,19,180,15.0,chaos,8000,80,0.7769841269841268,0.47466133143179035,3.169960317460317,0.158125,69.3375,2.6337615177358,0.3699495691842562,0.7724747995700257,8.922309982367285,0.23758655361236505
0.8,0.4,0,180,15.0,chaos,8000,80,0.7977579365079364,0.4754778240034433,3.2727579365079356,0.1584722222222222,69.05,2.6335500082521857,0.3721708771937142,0.7809183386196109,9.535320411807827,0.24782706584734773
0.8,0.4,1,180,15.0,chaos,8000,80,0.7799801587301586,0.45689205995847165,3.1348611111111104,0.1552777777777778,68.85,2.643142727814402,0.37369906724551677,0.7679907644743977,9.234810808667163,0.23847218417381794
0.8,0.4,2,180,15.0,chaos,8000,80,0.754345238095238,0.4493868036055838,3.1336706349206342,0.15631944444444443,71.65,2.542681477629795,0.36396713042608564,0.7783155060111785,10.182705712245681,0.2385202322232462
0.8,0.4,3,180,15.0,chaos,8000,80,0.7711507936507935,0.4488521348407275,3.1711111111111103,0.16062500000000002,69.2125,2.631029464697817,0.3865056827905121,0.7581078443327536,9.781915216269644,0.22200862342897038
0.8,0.4,4,180,15.0,chaos,8000,80,0.7634325396825397,0.44908066659861723,3.0922023809523806,0.15583333333333332,69.975,2.596558831023622,0.3755610209637972,0.7759552660244271,9.626481025793522,0.24050693119317734
0.8,0.4,5,180,15.0,chaos,8000,80,0.744345238095238,0.45373396061558946,3.0063492063492054,0.15381944444444445,69.0125,2.640348429464872,0.3669771031859165,0.7742686861217074,10.113471162450505,0.24088810663153692
0.8,0.4,6,180,15.0,chaos,8000,80,0.7514285714285712,0.45654985438294665,3.0957539682539674,0.15965277777777778,69.675,2.6086247070963395,0.3781105311004575,0.7622846333946869,10.387387814801304,0.23924101086246258
0.8,0.4,7,180,15.0,chaos,8000,80,0.7434523809523809,0.4415481371420699,3.037777777777777,0.15354166666666666,69.3,2.627959609728818,0.36967900495984446,0.7700525998768105,9.246668038967766,0.233872851158316
0.8,0.4,8,180,15.0,chaos,8000,80,0.7554166666666665,0.43972026348520876,3.0598412698412694,0.14868055555555554,69.5625,2.6108597455821405,0.3707916012492361,0.772268259217932,10.240249833556138,0.24386028847827773
0.8,0.4,9,180,15.0,chaos,8000,80,0.7415277777777776,0.44707698329992446,3.0858134920634916,0.15965277777777778,69.0375,2.642121324405146,0.37674169432945287,0.7688715448267965,10.278327192952933,0.23447212838199274
0.8,0.4,10,180,15.0,chaos,8000,80,0.7484722222222221,0.45729617867499217,3.098273809523809,0.15340277777777778,68.4125,2.6724387565250045,0.3745433130989433,0.7620507961581677,8.887508824791055,0.22494300270958245
0.8,0.4,11,180,15.0,chaos,8000,80,0.7527976190476189,0.4523328604284476,3.10704365079365,0.15840277777777775,68.1625,2.6844445902419816,0.372006007179286,0.7641800933071783,9.307395979148065,0.24263682058230535
0.8,0.4,12,180,15.0,chaos,8000,80,0.7678174603174602,0.4526341956677977,3.121706349206349,0.1567361111111111,68.9875,2.6350698933372385,0.37616524626877224,0.7640052183961531,9.98383668046456,0.2376193652679007
0.8,0.4,13,180,15.0,chaos,8000,80,0.7574007936507934,0.43838841546383395,3.023472222222222,0.14972222222222223,69.375,2.618310232307232,0.3813144465229067,0.7565524259252211,10.949778933833686,0.24014085623142373
0.8,0.4,14,180,15.0,chaos,8000,80,0.7690674603174601,0.4456187737108987,3.11281746031746,0.1598611111111111,68.5,2.6567554119877594,0.3837367649441233,0.7663078615002599,10.276776010303445,0.22913683905513885
0.8,0.4,15,180,15.0,chaos,8000,80,0.7436309523809523,0.43549314329070576,3.0333333333333323,0.15194444444444444,68.7375,2.646521132533101,0.37912667907171554,0.7637237324544728,9.278978066004171,0.22933328167670136
0.8,0.4,16,180,15.0,chaos,8000,80,0.7510515873015872,0.453502599072905,3.0888690476190472,0.153125,68.425,2.6604344235387787,0.371973494889212,0.7683552996055616,9.559596844834653,0.2427512592347095
0.8,0.4,17,180,15.0,chaos,8000,80,0.752361111111111,0.43825765512155934,3.037499999999999,0.15930555555555553,70.3625,2.585483367893015,0.3668468094447241,0.7662056510199051,10.99140093766204,0.24548653801175696
0.8,0.4,18,180,15.0,chaos,8000,80,0.7612301587301585,0.46635120194001695,3.1057936507936503,0.16020833333333334,69.45,2.6184823361582827,0.3654588963354582,0.7716636958689329,9.147066874545885,0.24596306122266628
0.8,0.8,1,180,15.0,chaos,8000,80,0.7801785714285713,0.4696453419555695,3.1988293650793644,0.16506944444444444,69.2625,2.6344720387652116,0.37070456587111283,0.7749901639745225,8.800907830595923,0.2340372411393859
0.8,0.4,19,180,15.0,chaos,8000,80,0.7534523809523808,0.4571442970163181,3.089662698412698,0.16312500000000002,68.5875,2.6482390146583823,0.37683806887274696,0.7658236360363035,9.398664372765083,0.22938092837628501
0.8,0.8,0,180,15.0,chaos,8000,80,0.7720436507936507,0.46107084626035044,3.1186507936507932,0.15923611111111108,68.6625,2.6521465914482687,0.3810279699782277,0.7592808798024716,9.218384617346773,0.24296576562481031
0.8,0.8,2,180,15.0,chaos,8000,80,0.7163492063492062,0.4282941417119206,2.912023809523809,0.14402777777777775,70.1875,2.5967521249695857,0.37283352654352236,0.7662149986935975,10.87266350754999,0.24311842586910615
0.8,0.8,3,180,15.0,chaos,8000,80,0.7858730158730156,0.4695033569912061,3.155059523809524,0.1721527777777778,69.6625,2.611452096780023,0.3658487208366914,0.7806067282673504,9.321639719732932,0.2572293660465016
0.8,0.8,5,180,15.0,chaos,8000,80,0.7459523809523808,0.4430302542593685,2.9871825396825393,0.153125,70.825,2.5656110099706337,0.36349110987283273,0.7802769257427791,9.687702849524973,0.25290522323943493
0.8,0.8,4,180,15.0,chaos,8000,80,0.7839682539682539,0.45707055887829934,3.166607142857143,0.1601388888888889,68.775,2.6483114748711634,0.3693011652192616,0.7796489423004918,10.126978335673368,0.24100840918799174
0.8,0.8,6,180,15.0,chaos,8000,80,0.7550396825396823,0.4561822927532969,3.1117063492063486,0.15597222222222223,68.9375,2.6354679893824438,0.369727179348776,0.7680253896406093,9.835650814246495,0.23126406827613546
0.8,0.8,7,180,15.0,chaos,8000,80,0.7500793650793648,0.43876363439436805,3.014761904761904,0.15590277777777778,69.075,2.6308159749195945,0.38254338853070174,0.7561710472880906,9.803531192946034,0.22419544275265632
0.8,0.8,8,180,15.0,chaos,8000,80,0.7379761904761903,0.45348243974902935,3.0549007936507935,0.15749999999999997,69.8625,2.598204734354682,0.37747858953615826,0.7640538363483502,9.280538916626872,0.228033444003431
0.8,0.8,9,180,15.0,chaos,8000,80,0.7558333333333331,0.4646520350485761,3.057261904761904,0.15895833333333334,69.3875,2.631161848527167,0.3705244200189452,0.785044588349207,8.829921498341076,0.24986358503322567
0.8,0.8,10,180,15.0,chaos,8000,80,0.7410317460317459,0.44320177082037865,2.9913888888888884,0.15159722222222222,70.2625,2.585577337798924,0.3640511367904602,0.7770846317236553,9.874433955056485,0.23752105233751633
0.8,0.8,11,180,15.0,chaos,8000,80,0.7400396825396824,0.423236693582287,3.0428373015873005,0.15409722222222222,68.95,2.6392925906089575,0.3807642823221431,0.7681693464683176,10.37899212748782,0.23557844174560794
0.8,0.8,12,180,15.0,chaos,8000,80,0.7688492063492062,0.4664722421841535,3.0844047619047616,0.16006944444444443,69.325,2.628077656661169,0.36745780794357713,0.7924136079199975,9.436997653414343,0.24471165259506508
0.8,0.8,13,180,15.0,chaos,8000,80,0.7673015873015872,0.46798133732344505,3.0902976190476186,0.16104166666666667,68.6375,2.6510848370060183,0.3659303590543339,0.7817508903488809,8.791108627441428,0.24170977462876628
0.8,0.8,14,180,15.0,chaos,8000,80,0.7650595238095236,0.4568287488217889,3.1177976190476184,0.16368055555555555,68.15,2.6699699539440074,0.38288200298754393,0.7801029652955442,9.631172638740683,0.23592063402862787
0.8,0.8,15,180,15.0,chaos,8000,80,0.7690079365079363,0.4584358733498709,3.1841269841269835,0.155,69.0875,2.643328256758127,0.37388892851428657,0.7696921079433827,9.671660573497556,0.2248596925049659
0.8,0.8,16,180,15.0,chaos,8000,80,0.7627579365079364,0.4594671692222566,3.0499999999999994,0.15534722222222222,68.425,2.6578165423616076,0.3808456827705008,0.7600368254034753,9.240838300874369,0.22669840177317332
0.8,0.8,17,180,15.0,chaos,8000,80,0.75140873015873,0.44889334102240885,3.033650793650793,0.15006944444444445,69.2,2.634815983839234,0.37991346018467487,0.7660178536686042,9.425021693454932,0.23114297466460662
0.8,0.8,18,180,15.0,chaos,8000,80,0.7519841269841269,0.46088768035966965,3.0915476190476188,0.16305555555555556,68.2125,2.662710128529592,0.37899443867921556,0.7611545802200514,9.348876635050024,0.23319533840838993
0.8,0.8,19,180,15.0,chaos,8000,80,0.7699999999999999,0.46056874863507724,3.143412698412698,0.1625,69.175,2.633525744457554,0.3724682427656866,0.7756151755132523,10.296123625528114,0.24537926101248217
0.8,1.2,0,180,15.0,chaos,8000,80,0.7668650793650793,0.4540006883492798,3.081984126984126,0.15541666666666668,70.0875,2.606012306437246,0.370052842712174,0.7675581035391529,9.156196920621117,0.22869426385875924
0.8,1.2,1,180,15.0,chaos,8000,80,0.7703373015873015,0.47186332143400006,3.12345238095238,0.17048611111111112,69.7625,2.6092074547455173,0.36455293709245734,0.7769498514768287,9.07329236287057,0.23838624959627577
0.8,1.2,2,180,15.0,chaos,8000,80,0.7792261904761904,0.4663103639429741,3.1456944444444437,0.15881944444444446,69.125,2.6338967565483338,0.3798475412892005,0.7774169982035476,9.75781305432391,0.23807932426825834
0.8,1.2,3,180,15.0,chaos,8000,80,0.7658730158730156,0.46131023125059745,3.1309722222222214,0.17097222222222222,68.4875,2.6564703430318986,0.3760414456958824,0.7712725725450256,10.117826723191481,0.23230936108647476
0.8,1.2,4,180,15.0,chaos,8000,80,0.7749603174603173,0.4746611177776193,3.197460317460317,0.16118055555555558,70.1875,2.597863846403326,0.3785944845047678,0.7704200049105705,10.039804675298152,0.23910989071196403
0.8,1.2,5,180,15.0,chaos,8000,80,0.7448214285714284,0.44521296142565986,3.105496031746031,0.1625,71.2625,2.5478147904990545,0.37271303249760696,0.7761453830123134,9.65530984453697,0.24117903944690955
0.8,1.2,6,180,15.0,chaos,8000,80,0.749781746031746,0.4528464830625561,3.063710317460317,0.15298611111111113,69.9,2.610904019405067,0.3762372470059333,0.7741237935896853,9.636504918306278,0.24176306939409456
0.8,1.2,7,180,15.0,chaos,8000,80,0.740674603174603,0.43753389204357107,2.9925793650793646,0.1476388888888889,69.6125,2.613318175677313,0.3810918843510994,0.7619146916482042,10.520965301310579,0.23667946765807243
0.8,1.2,8,180,15.0,chaos,8000,80,0.7590476190476189,0.4571804449931012,3.1441865079365074,0.16291666666666668,68.7,2.6497532253574554,0.3707123712440267,0.7748225557168719,9.587344768301472,0.24101680870198647
0.8,1.2,9,180,15.0,chaos,8000,80,0.7701190476190475,0.4764466783559075,3.1755555555555555,0.1613888888888889,69.4,2.624633184132178,0.3767157383014686,0.7777941417170412,9.457533919590437,0.244335351217215
0.8,1.2,10,180,15.0,chaos,8000,80,0.7465873015873015,0.44086277390865936,3.0483928571428565,0.15569444444444444,70.1875,2.5954964147929838,0.3760261834202977,0.7823734598748497,9.889002306781103,0.22918810347298074
0.8,1.2,12,180,15.0,chaos,8000,80,0.7492857142857142,0.44460702659742707,3.0561904761904755,0.1572222222222222,70.15,2.5987154687365086,0.3691849680415357,0.7833422456995816,9.764242663913103,0.25132842287253354
0.8,1.2,11,180,15.0,chaos,8000,80,0.7569246031746031,0.45551413978972394,3.0591865079365075,0.15868055555555555,70.3875,2.595252109494702,0.36928860625757054,0.772133853340282,9.689560214092532,0.24502264767557036
0.8,1.2,13,180,15.0,chaos,8000,80,0.7931944444444443,0.475886404008771,3.206904761904761,0.16875,67.7125,2.696390650257375,0.3741752357410618,0.7690469281679013,10.18564314203035,0.24451905698647955
0.8,1.2,14,180,15.0,chaos,8000,80,0.7463888888888888,0.432384836946916,3.034900793650793,0.14847222222222223,69.5375,2.61980636563388,0.3725904432156132,0.7693272533967523,10.42416607522965,0.2425994064571632
0.8,1.2,15,180,15.0,chaos,8000,80,0.7733928571428571,0.45275421228973267,3.087341269841269,0.15895833333333334,68.625,2.657208331457923,0.3785255401956542,0.7756230515015871,10.401799732636993,0.24604007300563016
0.8,1.2,16,180,15.0,chaos,8000,80,0.7710515873015872,0.4570347818250677,3.065932539682539,0.1601388888888889,68.725,2.6585439440612975,0.36366381383157853,0.7808078484510979,9.109938784750721,0.23954903356165066
0.8,1.2,17,180,15.0,chaos,8000,80,0.7419444444444443,0.4438499679239835,3.067321428571428,0.16020833333333334,69.875,2.602055989484352,0.37427829310583655,0.7648867079536293,10.202549962440369,0.24187700359750303
0.8,1.2,18,180,15.0,chaos,8000,80,0.781329365079365,0.4763833164644128,3.2243452380952378,0.16597222222222224,68.4125,2.6699804234256392,0.36462128529862337,0.7890763570263639,9.774341590433034,0.2392778487613499
0.9,0.01,0,180,14.142135623730951,chaos,8000,80,0.8524801587301585,0.5153310759738198,3.5449999999999995,0.18354166666666666,64.25,2.8311850723504146,0.3830683621770056,0.7705741831659906,9.456548625356065,0.2427425540665759
0.8,1.2,19,180,15.0,chaos,8000,80,0.7354166666666665,0.4384549771888713,2.930992063492063,0.1498611111111111,69.2,2.634458307439208,0.3737167684002472,0.7704040730000081,9.647737102290241,0.235961013159746
0.9,0.01,1,180,14.142135623730951,chaos,8000,80,0.8295238095238094,0.500126825050532,3.4477777777777776,0.1738888888888889,65.6,2.7693149123953837,0.37931779434920443,0.7656394702955269,9.913148157831461,0.24824591945777322
0.9,0.01,2,180,14.142135623730951,chaos,8000,80,0.8439285714285714,0.5048256133054281,3.451527777777777,0.17381944444444444,66.2875,2.7430440451579843,0.36904704441407565,0.7835812308541923,9.043493039247636,0.2587337189369642
0.9,0.01,3,180,14.142135623730951,chaos,8000,80,0.8196230158730156,0.4984572882507862,3.402480158730158,0.17805555555555558,66.45,2.7351167356839814,0.3786605617158784,0.774226814524146,9.041143573043255,0.24543672723263982
0.9,0.01,4,180,14.142135623730951,chaos,8000,80,0.8642460317460315,0.5107358061156241,3.5438293650793637,0.17250000000000001,65.9875,2.7548638442251163,0.37632391295165046,0.7693702749471673,8.377608152683237,0.23396495619329682
0.9,0.01,5,180,14.142135623730951,chaos,8000,80,0.809563492063492,0.49525226108581516,3.325019841269841,0.16840277777777776,65.4,2.77790451686176,0.379326041579645,0.7717442239419791,8.280727054191994,0.24023619075208372
0.9,0.01,8,180,14.142135623730951,chaos,8000,80,0.829146825396825,0.50212094892661,3.4553571428571415,0.1748611111111111,66.075,2.7466701094453314,0.3709921305465803,0.7874572196146307,9.792841257361914,0.266263134355693
0.9,0.01,6,180,14.142135623730951,chaos,8000,80,0.8439682539682538,0.5013509111532795,3.4980952380952375,0.17944444444444443,64.2,2.837221697097766,0.3793946751755839,0.7743125905813646,9.54353214779715,0.2369157060595172
0.9,0.01,7,180,14.142135623730951,chaos,8000,80,0.8178373015873014,0.49584693695253357,3.4008531746031734,0.17069444444444443,65.2625,2.795400316665805,0.3824169412545407,0.7666104648873395,8.732493423040935,0.24093228976953548
0.9,0.01,9,180,14.142135623730951,chaos,8000,80,0.8174404761904761,0.5040414516455238,3.447162698412698,0.17694444444444443,65.9,2.764801109041797,0.3694945052075736,0.7776126477694236,8.554378071064239,0.23771613774342643
0.9,0.01,10,180,14.142135623730951,chaos,8000,80,0.8349603174603173,0.49918135044715284,3.4276190476190473,0.16645833333333332,65.2,2.7913284895976025,0.38167468148603045,0.7689954827445054,8.338251392854072,0.25240972306059156
0.9,0.01,11,180,14.142135623730951,chaos,8000,80,0.8538095238095238,0.5128986787108575,3.4733730158730154,0.18166666666666667,64.8,2.8139448972535006,0.3858889120940224,0.768300814307562,8.42531759709019,0.24537574379434662
0.9,0.01,12,180,14.142135623730951,chaos,8000,80,0.8349007936507935,0.49689630787173494,3.399484126984126,0.1720833333333333,65.85,2.7730816353529426,0.3782728421354599,0.7742520619280496,9.179671359571573,0.24562409347869255
0.9,0.01,13,180,14.142135623730951,chaos,8000,80,0.8281547619047617,0.49445191059021204,3.433353174603174,0.1716666666666667,65.85,2.756772815199211,0.3761615956933665,0.7775502773815874,8.745523594763414,0.2465646023017153
0.9,0.01,15,180,14.142135623730951,chaos,8000,80,0.8357142857142856,0.5029388605831332,3.517936507936507,0.17888888888888888,66.3875,2.736980793837806,0.37227658707468925,0.7772581863280489,9.181824021973398,0.23962119601251725
0.9,0.01,16,180,14.142135623730951,chaos,8000,80,0.8298412698412697,0.5116115088115254,3.417083333333333,0.17375000000000002,66.15,2.7478983279974853,0.3724402552190689,0.7831223049064988,8.431376378291926,0.25084897862704436
0.9,0.01,14,180,14.142135623730951,chaos,8000,80,0.8132539682539681,0.4975073608653343,3.3856150793650786,0.17583333333333334,66.5125,2.7416644800884726,0.3698990148021736,0.7758369987106175,9.104654558409361,0.24065363155432049
0.9,0.01,17,180,14.142135623730951,chaos,8000,80,0.8525396825396825,0.5133463040163864,3.466468253968253,0.17090277777777776,65.375,2.7886217193342753,0.3743638192608552,0.7767266494207867,9.047622560098548,0.24629991148132033
0.9,0.01,18,180,14.142135623730951,chaos,8000,80,0.8183531746031745,0.5161441036378827,3.3352976190476182,0.17055555555555557,64.9625,2.8020076104592055,0.3742398313086753,0.7709477243677336,8.68636495432521,0.24496227508398705
0.9,0.01,19,180,14.142135623730951,chaos,8000,80,0.8158333333333332,0.5097321258702531,3.397380952380952,0.174375,63.3625,2.8786960163861126,0.3800197690936934,0.7722296664760492,8.448032910456428,0.23618153064146177
0.9,0.05,0,180,14.142135623730951,chaos,8000,80,0.8360317460317459,0.5080095009691192,3.3771031746031737,0.16312500000000002,65.35,2.7893523403851113,0.37827647531651276,0.7696580469152826,8.039406394483226,0.2329173588391777
0.9,0.05,3,180,14.142135623730951,chaos,8000,80,0.8614484126984125,0.5228343652366159,3.6030357142857135,0.1839583333333333,65.875,2.771945187469303,0.37655149942386607,0.7804224054944626,9.419692781454799,0.25425233484443555
0.9,0.05,1,180,14.142135623730951,chaos,8000,80,0.8387896825396822,0.5145169642893681,3.433174603174603,0.17270833333333332,65.325,2.785578928353361,0.37376476526799624,0.7827328929072366,8.800211557523863,0.25689080201004266
0.9,0.05,4,180,14.142135623730951,chaos,8000,80,0.8488492063492062,0.5235521143291006,3.554960317460317,0.18298611111111113,65.525,2.7812605703137594,0.374405445100391,0.7921789014084836,8.75337533146113,0.25570719899840966
0.9,0.05,2,180,14.142135623730951,chaos,8000,80,0.8490277777777777,0.50551680506277,3.511249999999999,0.17229166666666668,65.3125,2.7919333601473504,0.3758155438053187,0.7786188405845568,9.244088691702734,0.2376828815102959
0.9,0.05,5,180,14.142135623730951,chaos,8000,80,0.8297420634920634,0.5087481106929153,3.4594246031746025,0.1834722222222222,65.475,2.7860568422715333,0.37833860394409036,0.7740499009038946,9.073574986608982,0.25416278754400323
0.9,0.05,6,180,14.142135623730951,chaos,8000,80,0.8134523809523808,0.4931282301163624,3.2815079365079356,0.164375,65.2125,2.7983384816323498,0.37653113350533074,0.7748192946996805,8.66239259552123,0.2503477669526626
0.9,0.05,7,180,14.142135623730951,chaos,8000,80,0.8514285714285712,0.5223074857387016,3.4487896825396818,0.18722222222222223,65.8625,2.7633188858959103,0.3702180038344575,0.7856149030051458,8.898990882023615,0.26369749642984514
0.9,0.05,8,180,14.142135623730951,chaos,8000,80,0.8313095238095236,0.49743232790593694,3.3895436507936503,0.17312499999999997,65.175,2.8084382866630726,0.3761490990878508,0.7796841738776363,8.513460271142044,0.24688238943366256
0.9,0.05,9,180,14.142135623730951,chaos,8000,80,0.856488095238095,0.515011994725278,3.529067460317459,0.16875,66.225,2.755669092325421,0.3780950262644853,0.7814195234427779,8.542880132152499,0.22990424316437402
0.9,0.05,10,180,14.142135623730951,chaos,8000,80,0.8301984126984125,0.4864453448884719,3.366210317460317,0.1584722222222222,65.4125,2.788508948081428,0.3777327698205043,0.7731031497481722,9.112683369822468,0.24587774669925083
0.9,0.05,11,180,14.142135623730951,chaos,8000,80,0.8304166666666666,0.5141356105732772,3.403531746031745,0.17930555555555555,65.475,2.784796713848592,0.37551471078908466,0.777161116183814,8.22451592467714,0.2499069510253388
0.9,0.05,12,180,14.142135623730951,chaos,8000,80,0.8349007936507935,0.5011243942166045,3.4606746031746027,0.1701388888888889,66.825,2.736259869675739,0.36903114129907016,0.7825417419135345,9.152862160209887,0.26184405377085473
0.9,0.05,13,180,14.142135623730951,chaos,8000,80,0.8399404761904761,0.5131813078094154,3.5258730158730147,0.18055555555555552,65.4125,2.7868387437880804,0.3744535847433895,0.7804639509882711,8.949200794029512,0.25375820602302407
0.9,0.05,14,180,14.142135623730951,chaos,8000,80,0.8448412698412696,0.5253396807083435,3.561388888888888,0.18388888888888888,64.825,2.811562258891288,0.37435421423143167,0.7751678746824082,8.931640469684064,0.2401245486981233
0.9,0.05,15,180,14.142135623730951,chaos,8000,80,0.8459920634920632,0.5063772431082908,3.5239682539682535,0.18145833333333333,65.625,2.7819112596045317,0.3838652124655265,0.7780821022366673,9.664730023275878,0.2481432294387674
0.9,0.05,16,180,14.142135623730951,chaos,8000,80,0.8948214285714284,0.5370193429527426,3.651011904761904,0.19861111111111113,64.075,2.841531548150239,0.3782956755762304,0.7813064283702499,8.37746390340122,0.2492331085492263
0.9,0.05,18,180,14.142135623730951,chaos,8000,80,0.8544246031746029,0.5167406685540591,3.5024603174603173,0.18125,65.075,2.7951720324303446,0.3774484757963548,0.7823259604097936,8.610211990069393,0.23739156369045028
0.9,0.05,17,180,14.142135623730951,chaos,8000,80,0.8281944444444443,0.5137503624773025,3.544047619047619,0.18305555555555555,66.225,2.7501902816007373,0.37987532669072877,0.7766562439452253,8.691542210379325,0.2323649897278386
0.9,0.1,0,180,14.142135623730951,chaos,8000,80,0.8637896825396825,0.5134364772632838,3.5424404761904755,0.18638888888888888,65.0375,2.7939239780014895,0.36970750453113066,0.7854059290964557,8.64282581511141,0.25396025265127176
0.9,0.05,19,180,14.142135623730951,chaos,8000,80,0.8456944444444444,0.5252605229108633,3.533293650793651,0.185,65.0625,2.8057511280346756,0.3766376965128685,0.7734046245452617,8.69652110949661,0.2559915996509109
0.9,0.1,1,180,14.142135623730951,chaos,8000,80,0.8387698412698409,0.5113299610134703,3.457142857142857,0.18590277777777778,64.9625,2.7990707612704737,0.36996133319551905,0.7747799185125182,8.344998621013545,0.23976241841624976
0.9,0.1,2,180,14.142135623730951,chaos,8000,80,0.8552579365079364,0.5208450428400223,3.5374404761904756,0.1765972222222222,65.6875,2.773208272885536,0.3703385116684587,0.7822830216260481,9.510500277505649,0.2581369068429972
0.9,0.1,3,180,14.142135623730951,chaos,8000,80,0.828690476190476,0.5051832794607736,3.4519642857142854,0.1784722222222222,64.3125,2.8459905657475293,0.3781239645988118,0.7755749573425096,8.518962915285794,0.23881826293308617
0.9,0.1,5,180,14.142135623730951,chaos,8000,80,0.805376984126984,0.4953223428169443,3.3357341269841263,0.1654861111111111,66.1625,2.7485641421817646,0.3714559179337371,0.7707764842246345,8.935530614498727,0.2407436482535116
0.9,0.1,4,180,14.142135623730951,chaos,8000,80,0.8450595238095238,0.5077582430214951,3.51095238095238,0.17993055555555557,65.425,2.783282771942836,0.3748847363554243,0.787195817686283,8.501367319120742,0.23975347133573424
0.9,0.1,7,180,14.142135623730951,chaos,8000,80,0.8291865079365077,0.5031502068857672,3.4212499999999992,0.16666666666666666,64.0875,2.841302974783089,0.37880733310784914,0.7794637643680664,8.786562508299864,0.24106437442208745
0.9,0.1,6,180,14.142135623730951,chaos,8000,80,0.8329166666666665,0.5030096195308629,3.5064285714285703,0.17875,65.1625,2.791696572634355,0.37648094246074004,0.7814737949207775,9.285283713983741,0.2576893578934808
0.9,0.1,8,180,14.142135623730951,chaos,8000,80,0.8512896825396824,0.5231495781194294,3.575972222222222,0.19409722222222223,65.3,2.791367072776189,0.37208221074781966,0.7833293397631984,8.925391207643063,0.25387370150059746
0.9,0.1,9,180,14.142135623730951,chaos,8000,80,0.8232539682539681,0.48829693875868047,3.431865079365079,0.17270833333333332,65.375,2.7826590672345097,0.38125410276949256,0.7698547384330997,9.161988784763247,0.2329996453623952
0.9,0.1,10,180,14.142135623730951,chaos,8000,80,0.8345238095238094,0.5042378356623672,3.4032142857142857,0.1740972222222222,63.4875,2.8631478197633102,0.3830492749436398,0.7730120718368086,9.415420416049116,0.24011226850763032
0.9,0.1,11,180,14.142135623730951,chaos,8000,80,0.8137301587301586,0.48805219679511974,3.374503968253967,0.1679861111111111,64.9,2.8183618086846893,0.379789533489532,0.7680439027869582,8.559013761781298,0.23837106073812678
0.9,0.1,12,180,14.142135623730951,chaos,8000,80,0.8074404761904759,0.48903878119346145,3.2936309523809513,0.16375,65.25,2.794486828567083,0.37738370617067735,0.7706427836097062,9.232326667519587,0.25011360325269794
0.9,0.1,15,180,14.142135623730951,chaos,8000,80,0.8232539682539681,0.5030278417090166,3.392480158730158,0.1761111111111111,65.0875,2.7962877636337535,0.37628293972379734,0.7838182465626906,8.221363607931721,0.23129798862623838
0.9,0.1,14,180,14.142135623730951,chaos,8000,80,0.8653373015873015,0.5260195955043656,3.532261904761904,0.17430555555555555,66.25,2.7551923965619585,0.368701794039448,0.7848828723078485,8.240516943472128,0.24562918812388085
0.9,0.1,13,180,14.142135623730951,chaos,8000,80,0.8199007936507936,0.5117829230521761,3.3734722222222215,0.18062499999999998,65.5,2.779900501196361,0.3794341549674402,0.7829330319395076,8.944995870779575,0.2625159432432086
0.9,0.1,16,180,14.142135623730951,chaos,8000,80,0.8523214285714286,0.5021076781812355,3.4308928571428567,0.171875,65.15,2.7902771493798744,0.3808096041271917,0.7743358903033011,10.122410044856375,0.23087178314209017
0.9,0.1,17,180,14.142135623730951,chaos,8000,80,0.8485317460317457,0.503709314935249,3.4542261904761893,0.17770833333333333,64.6,2.817346754794574,0.38348519264772696,0.7648928818421337,8.820891895719948,0.24212728243448037
0.9,0.1,18,180,14.142135623730951,chaos,8000,80,0.8348214285714285,0.5012931147744324,3.4967857142857133,0.1807638888888889,65.2875,2.795033491237418,0.38226734118359806,0.7701962123726587,8.984729491925417,0.2482491978167599
0.9,0.1,19,180,14.142135623730951,chaos,8000,80,0.8191269841269839,0.49394655006858246,3.401646825396825,0.16541666666666668,64.475,2.83507653231478,0.3806093991805599,0.7640462800728482,8.659466953126056,0.2552227431197818
0.9,0.2,0,180,14.142135623730951,chaos,8000,80,0.8305753968253967,0.5167307048304852,3.477063492063492,0.17722222222222223,65.9625,2.765105873628584,0.3776925094926389,0.7724388698348191,9.044340471628548,0.2563580156786559
0.9,0.2,1,180,14.142135623730951,chaos,8000,80,0.825734126984127,0.5022932648393733,3.4164484126984123,0.16979166666666665,66.4875,2.7375683339071624,0.3679916977594691,0.7804790160515915,8.39148931855178,0.2559204278248635
0.9,0.2,2,180,14.142135623730951,chaos,8000,80,0.8553373015873014,0.5135670075409124,3.5750992063492064,0.18597222222222223,64.5625,2.819110108861776,0.3827779803709803,0.7666854725309792,8.89204636826479,0.2348018120064907
0.9,0.2,4,180,14.142135623730951,chaos,8000,80,0.8543055555555554,0.5130233618958412,3.5044642857142847,0.17625,65.925,2.759234042122843,0.3740779829317652,0.7767420868423143,9.070278019965404,0.2554601283352561
0.9,0.2,3,180,14.142135623730951,chaos,8000,80,0.8767658730158729,0.5372893324844584,3.624345238095237,0.18861111111111112,63.9875,2.850226878946402,0.3812484985306354,0.7755802090112148,8.825105939812667,0.25297809780828384
0.9,0.2,5,180,14.142135623730951,chaos,8000,80,0.8272619047619048,0.5209841369397898,3.4590674603174607,0.18715277777777778,64.8875,2.8210472927080934,0.37135440433307293,0.7808994414095987,8.375433202053268,0.25191061750706223
0.9,0.2,6,180,14.142135623730951,chaos,8000,80,0.8415277777777777,0.5198392556895317,3.4550595238095227,0.18138888888888888,65.3625,2.782168759892511,0.3798250958173298,0.7704855578018975,8.7860921200651,0.2488711644536994
0.9,0.2,7,180,14.142135623730951,chaos,8000,80,0.8506349206349204,0.5209338008702347,3.6057539682539677,0.1854861111111111,64.6875,2.821830669209711,0.3881125700712341,0.7713161240232789,8.474087044001113,0.2362142301646843
0.9,0.2,10,180,14.142135623730951,chaos,8000,80,0.8418849206349204,0.5017611497567243,3.440873015873015,0.16909722222222223,65.25,2.7810370356932737,0.37300377613230135,0.7717389100201182,9.239709940256454,0.24957157349492612
0.9,0.2,8,180,14.142135623730951,chaos,8000,80,0.8298412698412697,0.5123140357478176,3.529206349206349,0.18375000000000002,66.25,2.743601498898206,0.37465469609836777,0.7781251375480357,9.054156518453297,0.2471257143129689
0.9,0.2,9,180,14.142135623730951,chaos,8000,80,0.8343650793650792,0.4981906711136155,3.460972222222222,0.1753472222222222,64.4,2.82510622799576,0.38037968746526973,0.7683438230906572,8.500773700665075,0.2504511375720757
0.9,0.2,11,180,14.142135623730951,chaos,8000,80,0.861706349206349,0.5374772797526349,3.5913690476190467,0.18430555555555556,63.3625,2.889224067677431,0.39278290392440923,0.7696354723936097,9.11344605694631,0.2457403533497337
0.9,0.2,13,180,14.142135623730951,chaos,8000,80,0.8394841269841269,0.5214672776000614,3.4539087301587292,0.16499999999999998,65.5,2.7846925666434537,0.37264256655158623,0.7708753605365882,9.012515644315764,0.2532366945631793
0.9,0.2,12,180,14.142135623730951,chaos,8000,80,0.8317460317460317,0.48987644103207284,3.3814087301587294,0.17569444444444443,64.6875,2.818413711929717,0.37861251832801646,0.7715654731799856,9.20054887641036,0.23484633425760143
0.9,0.2,14,180,14.142135623730951,chaos,8000,80,0.8617857142857144,0.5256854123567286,3.5875198412698404,0.1807638888888889,66.7375,2.735574178237459,0.3660999416441902,0.7921855548785858,8.77308335119157,0.257323939346517
0.9,0.2,15,180,14.142135623730951,chaos,8000,80,0.8330357142857142,0.5057327670792966,3.4181150793650787,0.17229166666666668,65.825,2.760111533318848,0.37452166800327247,0.769927271653743,8.832652761313225,0.24098660610789452
0.9,0.2,17,180,14.142135623730951,chaos,8000,80,0.8542063492063491,0.5158480370392092,3.5489880952380943,0.18562499999999998,64.1125,2.8481529765618836,0.37826434802909903,0.7899744171654645,8.933854306997333,0.25403448243593774
0.9,0.2,16,180,14.142135623730951,chaos,8000,80,0.8788492063492063,0.5394695146665045,3.605496031746031,0.18756944444444446,64.3375,2.8475559915188073,0.37960827290403865,0.7751928520259794,8.52345801282095,0.22790819212876876
0.9,0.2,18,180,14.142135623730951,chaos,8000,80,0.8281547619047617,0.49021519516582207,3.436805555555555,0.17756944444444445,65.15,2.789785759457081,0.37909564159896647,0.7736748391098832,8.721660030898482,0.2284444400337203
0.9,0.4,0,180,14.142135623730951,chaos,8000,80,0.852440476190476,0.5220505781365438,3.494980158730158,0.18659722222222222,65.2,2.7854240734195135,0.3814995753686786,0.7764412754995483,8.384103806518402,0.24642619251731093
0.9,0.2,19,180,14.142135623730951,chaos,8000,80,0.8430555555555553,0.5221946237032196,3.469781746031746,0.17729166666666668,65.275,2.7930728570355217,0.3728444969600055,0.7746112579940715,8.543083189446307,0.2437199969237307
0.9,0.4,1,180,14.142135623730951,chaos,8000,80,0.8666269841269839,0.5115230955000735,3.5788293650793648,0.17284722222222224,64.875,2.812645641111333,0.38177432074013407,0.771406158332016,8.26301936348978,0.2324264730401894
0.9,0.4,2,180,14.142135623730951,chaos,8000,80,0.8574404761904759,0.528552037958474,3.496468253968253,0.17368055555555556,65.2875,2.788596960894445,0.3743101469317812,0.7663045845841896,8.748988928766988,0.24307697653837437
0.9,0.4,3,180,14.142135623730951,chaos,8000,80,0.8459523809523809,0.5198955388461985,3.5656349206349196,0.18611111111111112,64.575,2.8207685680029915,0.37878064205290485,0.783978759205876,8.735724482003516,0.24125169118920056
0.9,0.4,4,180,14.142135623730951,chaos,8000,80,0.8580357142857142,0.5033121709919517,3.5040079365079366,0.18006944444444445,64.9625,2.8038370281833345,0.3795973644584184,0.7731148125383933,9.347052736916647,0.24678791870759076
0.9,0.4,5,180,14.142135623730951,chaos,8000,80,0.844801587301587,0.5003406277731963,3.479583333333333,0.17326388888888888,65.175,2.804006418927038,0.3838131103834328,0.7715130717370017,8.763821900943608,0.23900811891383827
0.9,0.4,6,180,14.142135623730951,chaos,8000,80,0.824563492063492,0.4993479563195506,3.4758730158730153,0.18097222222222223,64.6875,2.813302848570899,0.3717873152681018,0.7787969844630934,9.29872877617824,0.24599525069835165
0.9,0.4,7,180,14.142135623730951,chaos,8000,80,0.8904761904761903,0.5362388064145286,3.5988293650793644,0.18166666666666667,64.9,2.8099329865746037,0.3829443225537746,0.7708020539050091,9.726373395518957,0.23733400898696808
0.9,0.4,8,180,14.142135623730951,chaos,8000,80,0.8323015873015871,0.5014747396639362,3.4455952380952377,0.16791666666666666,64.725,2.813935711091598,0.38133388351878067,0.7718183870872855,8.743068590819501,0.24435884176384928
0.9,0.4,10,180,14.142135623730951,chaos,8000,80,0.8291071428571428,0.5112847317095021,3.39563492063492,0.17159722222222223,65.3625,2.7856656056137394,0.38017709985452386,0.7689049687447189,8.526015477730429,0.2545939087805815
0.9,0.4,9,180,14.142135623730951,chaos,8000,80,0.8389285714285712,0.5098501104587665,3.4561706349206345,0.1720833333333333,65.3375,2.7829899621296637,0.3842940565452758,0.7704143914069861,8.730229753477484,0.22147779203611462
0.9,0.4,11,180,14.142135623730951,chaos,8000,80,0.8660714285714285,0.521221056724296,3.502182539682539,0.18861111111111112,65.4,2.786790435341234,0.36711672727178507,0.7893903023053128,8.891372257189929,0.2549814986125931
0.9,0.4,12,180,14.142135623730951,chaos,8000,80,0.8147023809523807,0.49123357297386594,3.410496031746031,0.17333333333333334,66.925,2.725785431476074,0.37591023867826534,0.7721784992312152,8.868241305676307,0.23819842559035004
0.9,0.4,13,180,14.142135623730951,chaos,8000,80,0.8405555555555555,0.49244927104886943,3.4398214285714284,0.17638888888888887,65.2875,2.7975006421359865,0.38322892154928867,0.7636891669547179,9.401532026415014,0.23336102253786645
0.9,0.4,14,180,14.142135623730951,chaos,8000,80,0.8359325396825396,0.49928335308735894,3.4239285714285708,0.17479166666666665,65.3375,2.7950910024588866,0.38043308469373105,0.7702231737001721,8.870040832890869,0.2370354963346048
0.9,0.4,15,180,14.142135623730951,chaos,8000,80,0.8609325396825396,0.516161190084321,3.5339087301587297,0.1845138888888889,64.5,2.8203888030172,0.38181261599210237,0.7786670307463438,8.2950089405952,0.2458614798036971
0.9,0.4,16,180,14.142135623730951,chaos,8000,80,0.8516269841269839,0.5321207208845656,3.5600396825396814,0.19013888888888889,63.5125,2.8608211620837203,0.37853378073958116,0.7795783223055699,8.460252760630103,0.23894896210790056
0.9,0.4,17,180,14.142135623730951,chaos,8000,80,0.8414484126984126,0.5151044213103381,3.459305555555555,0.1718055555555556,64.9125,2.8036521915263903,0.3748869147471191,0.7852535784306912,8.901905345320952,0.2487048425137898
0.9,0.4,19,180,14.142135623730951,chaos,8000,80,0.8636111111111109,0.5175570431875192,3.5332341269841265,0.18194444444444444,65.8625,2.7670574285816634,0.3656449624565551,0.777387766857989,8.482498777790667,0.239284385818236
0.9,0.4,18,180,14.142135623730951,chaos,8000,80,0.8569246031746032,0.5133378851047864,3.5493452380952375,0.18284722222222222,65.525,2.7840994521893996,0.3815064602377237,0.7754638927060682,8.142515501653808,0.2465974576659938
0.9,0.8,0,180,14.142135623730951,chaos,8000,80,0.8494444444444443,0.5032050700000013,3.421845238095238,0.1728472222222222,65.5625,2.7834959284153236,0.3762899310388786,0.7633994317352923,8.716526327272723,0.242625015152304
0.9,0.8,1,180,14.142135623730951,chaos,8000,80,0.8500396825396823,0.5166318490984179,3.588968253968253,0.18159722222222224,64.0,2.8454047078206712,0.38257742375263903,0.7683639491167146,8.704313452973286,0.24070896755572005
0.9,0.8,2,180,14.142135623730951,chaos,8000,80,0.8387499999999999,0.4987118848098885,3.4704563492063487,0.16569444444444442,66.0875,2.7509947964100983,0.36597697329212575,0.7861132378732002,9.065868736305228,0.24661551043982993
0.9,0.8,3,180,14.142135623730951,chaos,8000,80,0.8371626984126983,0.5104183153860747,3.5014285714285704,0.18465277777777778,64.4375,2.8265647367483857,0.38057361647781535,0.7658824191472615,9.083333985350672,0.23410737243831053
0.9,0.8,4,180,14.142135623730951,chaos,8000,80,0.8443055555555554,0.5267491044367223,3.5402182539682534,0.18069444444444444,64.95,2.8007069877310493,0.3733256339367593,0.7783413292180812,8.639620450291705,0.24854859215333952
0.9,0.8,5,180,14.142135623730951,chaos,8000,80,0.8428571428571427,0.5234600138449103,3.4928968253968242,0.1877083333333333,65.575,2.7815417852870263,0.37820065025616173,0.780262945215436,8.64676858267009,0.24706712975407424
0.9,0.8,6,180,14.142135623730951,chaos,8000,80,0.8196428571428569,0.501287072157387,3.4646428571428567,0.17138888888888887,65.35,2.786088239933586,0.3740144938854683,0.7808276399336798,8.127672593260405,0.24191193285516724
0.9,0.8,7,180,14.142135623730951,chaos,8000,80,0.8226587301587299,0.5060234657344539,3.3921031746031742,0.17270833333333332,65.0125,2.7950629304476946,0.3760535792933736,0.777590815790535,8.692812876137499,0.2515088202070981
0.9,0.8,8,180,14.142135623730951,chaos,8000,80,0.8292261904761904,0.5066995593809349,3.4252579365079363,0.17479166666666665,65.3625,2.7844554415529372,0.3742986531334049,0.775171908645907,8.457591438835495,0.2522841226693234
0.9,0.8,9,180,14.142135623730951,chaos,8000,80,0.8378373015873015,0.48916475856858127,3.3885119047619043,0.16409722222222223,66.025,2.754109045442431,0.3849304454280611,0.7672819490809633,8.962985480877112,0.23699719899567806
0.9,0.8,10,180,14.142135623730951,chaos,8000,80,0.8268253968253967,0.4989004607553057,3.448432539682538,0.17791666666666667,65.2875,2.791037035338364,0.37531920588198886,0.7829972639410868,8.770046276710877,0.2465212499130125
0.9,0.8,11,180,14.142135623730951,chaos,8000,80,0.8593253968253967,0.5269521421464057,3.5847023809523804,0.18284722222222222,64.9125,2.808600419538442,0.37517783326828613,0.7954024065903653,9.05085649576202,0.24513380680448052
0.9,0.8,12,180,14.142135623730951,chaos,8000,80,0.8447420634920633,0.5017531478357465,3.472718253968253,0.174375,65.8125,2.7626548031591964,0.37241523940138616,0.7786399535522566,8.410309974334158,0.23587059341694633
0.9,0.8,13,180,14.142135623730951,chaos,8000,80,0.8728571428571428,0.5345693470620979,3.653075396825396,0.18805555555555556,64.35,2.8304764933163193,0.3740840338698068,0.7749045310553545,8.772994860118414,0.24939211110219556
0.9,0.8,14,180,14.142135623730951,chaos,8000,80,0.8679166666666663,0.5221620073804436,3.543353174603174,0.17166666666666666,65.825,2.765649147038905,0.3754240480876567,0.7776178696914052,8.450898210445228,0.24000193670812192
0.9,0.8,15,180,14.142135623730951,chaos,8000,80,0.8219047619047617,0.5029375882823228,3.4393650793650785,0.17152777777777778,65.6625,2.769362458753625,0.3754075467958694,0.775105052721907,9.309405372761216,0.23531111386686926
0.9,0.8,17,180,14.142135623730951,chaos,8000,80,0.8578373015873015,0.5208622398954942,3.562698412698412,0.18909722222222222,65.4,2.7836708374175556,0.37676293333252414,0.7799895693221071,8.531447191646917,0.23917875960774895
0.9,0.8,16,180,14.142135623730951,chaos,8000,80,0.8437698412698411,0.5033144542275099,3.5349404761904757,0.18104166666666668,64.65,2.8278809890054055,0.3738391272842919,0.7816202437666935,8.98690742069418,0.2325064975339585
0.9,0.8,18,180,14.142135623730951,chaos,8000,80,0.8519444444444442,0.5079132150256329,3.4559325396825384,0.174375,65.425,2.7827507719667848,0.36683748388288845,0.7851714184290393,9.010588062744217,0.24736869070035308
0.9,0.8,19,180,14.142135623730951,chaos,8000,80,0.850297619047619,0.5245748895170907,3.464603174603174,0.1925,64.8625,2.804931748339962,0.38198610842347624,0.7829173942763973,8.493534265308389,0.2462017696411368
0.9,1.2,0,180,14.142135623730951,chaos,8000,80,0.8284523809523808,0.49667079397771,3.326488095238095,0.16979166666666665,66.4625,2.74309022874482,0.3796946731424254,0.7806120905664398,8.961067623061252,0.25261694234037124
0.9,1.2,1,180,14.142135623730951,chaos,8000,80,0.8618849206349205,0.5245087103729273,3.601488095238095,0.18090277777777777,64.975,2.8137217224034274,0.37064303732740966,0.7892303372466387,8.22769610064083,0.25061959542932905
0.9,1.2,2,180,14.142135623730951,chaos,8000,80,0.8402182539682539,0.5163065973949343,3.4832341269841267,0.175,66.75,2.7364055343668627,0.36782947767972834,0.7824514785780752,8.736254062570579,0.25834772357111985
0.9,1.2,3,180,14.142135623730951,chaos,8000,80,0.8678373015873015,0.5322502263890498,3.654801587301587,0.18784722222222222,64.8375,2.825190076971077,0.3810802346917148,0.7728866677615811,8.750452159774953,0.24000292963793993
0.9,1.2,4,180,14.142135623730951,chaos,8000,80,0.8501190476190474,0.5107724560520991,3.493035714285714,0.1819444444444444,64.475,2.8332361973927616,0.3798519478782265,0.7789069759615704,9.48596298321857,0.23223985052471385
0.9,1.2,5,180,14.142135623730951,chaos,8000,80,0.8406150793650793,0.5014480011569733,3.422400793650793,0.17868055555555556,64.55,2.840892191949204,0.3777163082990338,0.7857417829111858,9.16673665898467,0.2386612141015878
0.9,1.2,6,180,14.142135623730951,chaos,8000,80,0.8492658730158729,0.5049104860460111,3.4483730158730155,0.17041666666666666,65.4625,2.79728779714691,0.3742136033704381,0.7762447387554372,9.047344255589726,0.255605046987751
0.9,1.2,7,180,14.142135623730951,chaos,8000,80,0.8476388888888888,0.5142207148902072,3.5350198412698406,0.18166666666666667,65.0375,2.8089266217448126,0.37037635005711056,0.7830907445267584,8.899315436646734,0.2568286429932763
0.9,1.2,8,180,14.142135623730951,chaos,8000,80,0.8313690476190475,0.5151768493540277,3.433630952380952,0.17145833333333335,64.525,2.8326048922902674,0.3795824171847319,0.7746749231163939,8.70216029635552,0.2406203217659093
0.9,1.2,9,180,14.142135623730951,chaos,8000,80,0.8460317460317459,0.5071173205620654,3.497242063492063,0.1801388888888889,65.8,2.76855386220399,0.37383282361951103,0.7786003620636262,8.754105894078569,0.22868050309270344
0.9,1.2,10,180,14.142135623730951,chaos,8000,80,0.8587301587301586,0.5165395611318737,3.602499999999999,0.18513888888888888,64.8125,2.8230365808956117,0.3791442387687476,0.7798621160954264,8.77299742464767,0.2441858565954968
0.9,1.2,13,180,14.142135623730951,chaos,8000,80,0.8408531746031744,0.522668134915689,3.4121428571428565,0.17673611111111112,66.0125,2.7592934116309564,0.3687630448490644,0.7900776929919591,8.607773695825642,0.24388477311127804
0.9,1.2,12,180,14.142135623730951,chaos,8000,80,0.8394047619047618,0.5136090481931761,3.4179563492063485,0.17416666666666666,67.825,2.6909586525020543,0.36221408741277317,0.7903925515110799,8.416762903569614,0.25068508145046053
0.9,1.2,14,180,14.142135623730951,chaos,8000,80,0.857202380952381,0.5044140032450051,3.404980158730158,0.16416666666666668,66.3125,2.743897270984621,0.3708239502127736,0.7832621087845555,8.16472295163228,0.24732021545519417
0.9,1.2,11,180,14.142135623730951,chaos,8000,80,0.842440476190476,0.5250653064227903,3.466031746031746,0.17770833333333333,65.45,2.791742051588676,0.3727664186875625,0.7758760471853977,8.491703408472194,0.24057689565152707
0.9,1.2,15,180,14.142135623730951,chaos,8000,80,0.8336706349206346,0.4990958686027455,3.4436904761904756,0.17124999999999999,64.8125,2.810298381542604,0.37808421408759985,0.7853832084626063,9.369469808169262,0.23790297071336006
0.9,1.2,16,180,14.142135623730951,chaos,8000,80,0.8437301587301587,0.5127105884251708,3.5160912698412687,0.18416666666666667,64.75,2.81205952616184,0.3779402155449888,0.7805482201591232,8.321933373988212,0.2359072697259911
0.9,1.2,17,180,14.142135623730951,chaos,8000,80,0.8403373015873015,0.5117068743052788,3.4922619047619046,0.17916666666666664,65.275,2.7978043317194468,0.3730952767170773,0.7723123055126556,8.15622045244023,0.22436658209021104
0.9,1.2,18,180,14.142135623730951,chaos,8000,80,0.8434523809523806,0.502363262779337,3.52486111111111,0.18638888888888888,66.1375,2.7610530609952955,0.3778980631015754,0.7676968383964373,9.433688499415684,0.24360317687280775
1.0,0.01,0,180,13.416407864998739,chaos,8000,80,0.936190476190476,0.5737061038449148,3.9767261904761897,0.19868055555555558,62.725,2.898159779855221,0.3726338802539087,0.7939490699389384,8.070674022536195,0.26006020997341084
1.0,0.01,1,180,13.416407864998739,chaos,8000,80,0.9153373015873015,0.5640921103991232,3.792777777777777,0.19298611111111108,62.0,2.9556998043882,0.37785634276173624,0.7794523944876139,7.911286628206963,0.24881832367887924
0.9,1.2,19,180,14.142135623730951,chaos,8000,80,0.8421428571428571,0.5122374523655782,3.5195833333333324,0.18166666666666664,65.3625,2.790183550128274,0.37283371857534126,0.7740502575223477,8.792345930423291,0.23670310347382864
1.0,0.01,2,180,13.416407864998739,chaos,8000,80,0.9165873015873014,0.5613733159120592,3.8048015873015864,0.18409722222222222,61.7875,2.944497669714407,0.38675845551745425,0.7706024391532618,8.098710054814616,0.2413888649489327
1.0,0.01,3,180,13.416407864998739,chaos,8000,80,0.9422420634920634,0.5906188993678411,4.013650793650792,0.2072222222222222,62.025,2.942040427867261,0.3747259572765855,0.7849542988216842,7.761736520396461,0.2509928280455312
1.0,0.01,4,180,13.416407864998739,chaos,8000,80,0.8909523809523808,0.5387507152980764,3.7518253968253967,0.18618055555555557,62.1,2.938823292764865,0.3764787246202146,0.7789038491628119,7.844375972891487,0.23619012032595635
1.0,0.01,5,180,13.416407864998739,chaos,8000,80,0.9170634920634917,0.5693038509636609,3.848273809523809,0.19784722222222223,61.975,2.9497518381521095,0.37510643677852895,0.7871216507516536,8.051133877041107,0.2612148288133901
1.0,0.01,6,180,13.416407864998739,chaos,8000,80,0.9194047619047618,0.5582607832378363,3.8802777777777777,0.194375,61.5125,2.9633686011079576,0.38125463139999366,0.772311922514494,8.729342502733287,0.25522424357476925
1.0,0.01,7,180,13.416407864998739,chaos,8000,80,0.913690476190476,0.5684350284292929,3.8348412698412693,0.20222222222222222,61.725,2.9612969286808215,0.38031456390679136,0.7725184169832242,8.365413167574564,0.2444708520985636
1.0,0.01,8,180,13.416407864998739,chaos,8000,80,0.911269841269841,0.562227554525579,3.7811904761904755,0.18875,62.5625,2.9221147846084015,0.38524357408485377,0.7662613428911375,7.854856078187439,0.2506095071251495
1.0,0.01,9,180,13.416407864998739,chaos,8000,80,0.9336507936507935,0.557735328291636,3.9188690476190473,0.2029166666666667,61.125,2.9789722687704496,0.37490765283881217,0.7850918250673039,8.28349595846704,0.24107887580835313
1.0,0.01,10,180,13.416407864998739,chaos,8000,80,0.9075,0.5652401682679843,3.8041269841269836,0.18277777777777776,62.7125,2.9024474778765224,0.36705546288162694,0.7827815331153294,8.03129225351712,0.25091025030948355
1.0,0.01,11,180,13.416407864998739,chaos,8000,80,0.8955357142857141,0.5455520013946331,3.742599206349206,0.1934722222222222,62.15,2.924565096657551,0.3732088240033134,0.7907724256104046,8.316828774394168,0.2678029946448406
1.0,0.01,12,180,13.416407864998739,chaos,8000,80,0.9346825396825394,0.5790420725519277,3.9019642857142847,0.19944444444444445,62.225,2.925826052622411,0.3846149424071923,0.7752728535855679,8.596236125110948,0.2489480070742923
1.0,0.01,13,180,13.416407864998739,chaos,8000,80,0.8941865079365078,0.5519737634600418,3.716448412698412,0.18,64.4875,2.818002639934786,0.36165313738560806,0.7894756868451498,7.629211682017541,0.25970073893215984
1.0,0.01,14,180,13.416407864998739,chaos,8000,80,0.9501785714285713,0.5863137327656507,3.9377579365079356,0.21798611111111107,60.475,2.999288811581407,0.38298744166425214,0.7881636088687147,8.157029819152136,0.26569270455474286
1.0,0.01,15,180,13.416407864998739,chaos,8000,80,0.9292261904761905,0.5660038438900118,3.8934523809523798,0.20590277777777777,60.65,3.00342174704207,0.3765220335148124,0.7788813003093182,8.297241904481305,0.24879680267734178
1.0,0.01,17,180,13.416407864998739,chaos,8000,80,0.9311706349206347,0.5723585586425726,3.935218253968253,0.19479166666666664,62.2,2.926855587778334,0.36920275409202974,0.7932992539425313,7.824047113831742,0.24221587098975492
1.0,0.01,16,180,13.416407864998739,chaos,8000,80,0.9360714285714284,0.5802516648078238,4.0528373015873,0.21388888888888893,60.7625,3.005949194081234,0.37840433994671124,0.7765440103108624,8.367166894089939,0.2473789768410241
1.0,0.01,19,180,13.416407864998739,chaos,8000,80,0.9382738095238092,0.5804793808659735,3.8686309523809514,0.19840277777777776,61.4375,2.962304568789024,0.37859663883201594,0.7903387022052268,8.179372947348886,0.23743657393106643
1.0,0.01,18,180,13.416407864998739,chaos,8000,80,0.9277182539682538,0.591823622146792,3.890178571428571,0.20784722222222224,61.8875,2.9471397627313713,0.3749803143614471,0.7845076054569489,7.657295494730164,0.2630989254114768
1.0,0.05,0,180,13.416407864998739,chaos,8000,80,0.9185515873015871,0.5866663218962572,3.8802579365079355,0.19854166666666667,61.7625,2.961130825544765,0.3822822491522582,0.776171164872135,7.785735577898708,0.2329890326544714
1.0,0.05,1,180,13.416407864998739,chaos,8000,80,0.9031150793650792,0.5543135553078861,3.783492063492063,0.19305555555555554,61.2625,2.9745009118584393,0.37358608945400984,0.778814259327463,7.7841280812267915,0.24005062097344965
1.0,0.05,2,180,13.416407864998739,chaos,8000,80,0.9217261904761903,0.569013904308495,3.845813492063492,0.19902777777777775,61.175,2.9894090460631135,0.3724418844198679,0.7820574431786667,7.6425913727806005,0.2240735254379961
1.0,0.05,3,180,13.416407864998739,chaos,8000,80,0.8953571428571427,0.5543845935567385,3.749444444444444,0.18805555555555556,62.5375,2.9194351674646994,0.3696208567496634,0.775112109861729,7.981887580780926,0.2473300174832529
1.0,0.05,5,180,13.416407864998739,chaos,8000,80,0.9596428571428568,0.5833313527536829,3.983333333333333,0.20611111111111108,61.925,2.9417969308432936,0.37628426969263074,0.7871733320601861,8.015426449979905,0.26085929873020647
1.0,0.05,4,180,13.416407864998739,chaos,8000,80,0.9279166666666665,0.5821790384112557,3.915456349206349,0.21020833333333339,61.2375,2.9927749471077036,0.3756854438492184,0.7920406999918335,7.963775674199434,0.2536539443572511
1.0,0.05,6,180,13.416407864998739,chaos,8000,80,0.9621626984126983,0.5681956705723928,3.99579365079365,0.20763888888888887,61.9375,2.9444553775651388,0.3712306381771625,0.7843240902654418,7.517518775769072,0.25268576156538686
1.0,0.05,7,180,13.416407864998739,chaos,8000,80,0.9214682539682538,0.5483710341067113,3.7918253968253963,0.18833333333333332,62.225,2.9339049781332105,0.37695288314431447,0.7888472347246865,8.49042809656911,0.24522717265321736
1.0,0.05,8,180,13.416407864998739,chaos,8000,80,0.9268452380952379,0.5618047621911113,3.827083333333333,0.1892361111111111,61.5125,2.9666117041618296,0.3793813726111886,0.7655439407481127,8.04764540912737,0.23125934833370881
1.0,0.05,9,180,13.416407864998739,chaos,8000,80,0.9125992063492063,0.5464328945977736,3.805873015873016,0.18458333333333332,60.35,3.0264622042664007,0.38541871936761574,0.765219826294336,7.898011566137749,0.2362602136585231
1.0,0.05,10,180,13.416407864998739,chaos,8000,80,0.9370238095238094,0.5743693446207251,3.9291865079365067,0.20541666666666666,60.725,3.0027009856548337,0.38557762582286703,0.7757081760236991,8.002664439659705,0.24520483399370957
1.0,0.05,11,180,13.416407864998739,chaos,8000,80,0.9347222222222221,0.5827091883142628,3.9322222222222214,0.19722222222222222,61.0,2.9900535433775692,0.37973469542231053,0.7783746842007708,7.690294272310399,0.25114905956136474
1.0,0.05,12,180,13.416407864998739,chaos,8000,80,0.8937301587301587,0.557361916666988,3.6689682539682535,0.1852777777777778,61.85,2.9491357303012404,0.37564974669386875,0.7796488608424986,7.86856107972028,0.23765566771430668
1.0,0.05,13,180,13.416407864998739,chaos,8000,80,0.9007142857142856,0.5557925175329766,3.8124206349206347,0.18493055555555557,61.7375,2.9591390551132712,0.37618639981923413,0.7820154974388371,7.944026267778907,0.2475568010839706
1.0,0.05,14,180,13.416407864998739,chaos,8000,80,0.9106746031746031,0.5739854340336465,3.891626984126984,0.18756944444444443,61.625,2.9663145190769975,0.3694643213202302,0.7839204542087416,7.777863115083276,0.24663614616154977
1.0,0.05,15,180,13.416407864998739,chaos,8000,80,0.9182142857142855,0.5590358320808151,3.7605753968253963,0.19402777777777777,61.9625,2.950063554551278,0.3749737753853969,0.7950412412429569,8.030332114455451,0.2523776434253078
1.0,0.05,16,180,13.416407864998739,chaos,8000,80,0.9391071428571426,0.5669657359990616,3.940575396825396,0.19409722222222223,61.225,2.982942561507254,0.38364484736906546,0.7787595695598216,8.452644263245077,0.2573598610617318
1.0,0.05,17,180,13.416407864998739,chaos,8000,80,0.9035515873015871,0.5665672378631686,3.822956349206349,0.1988888888888889,62.7,2.9064543867352355,0.3771894685808759,0.7791062959735713,7.5379770643056485,0.24226874264201442
1.0,0.05,18,180,13.416407864998739,chaos,8000,80,0.9235912698412697,0.5729629801758247,3.950376984126983,0.19527777777777777,60.6625,3.010517434818512,0.38833062725801704,0.7769239884963803,8.366970589124312,0.24151696633984052
1.0,0.05,19,180,13.416407864998739,chaos,8000,80,0.9460317460317459,0.5691989254093495,3.9277380952380954,0.1963888888888889,61.95,2.957477624144903,0.3779463662186338,0.7836925791296092,7.487778863401499,0.24156811112727192
1.0,0.1,0,180,13.416407864998739,chaos,8000,80,0.9411507936507935,0.5801737202144523,3.9563690476190474,0.20680555555555555,60.8875,3.001542574638286,0.37772409005862334,0.7811292067965704,7.4964861273104075,0.22993877782090638
1.0,0.1,1,180,13.416407864998739,chaos,8000,80,0.925376984126984,0.5851849841033986,3.9376587301587294,0.1992361111111111,61.3875,2.964942165258472,0.3738827163923067,0.786100515709982,7.799996393665603,0.24417631768786102
1.0,0.1,2,180,13.416407864998739,chaos,8000,80,0.9198611111111109,0.5772881919377857,3.8903174603174593,0.19319444444444445,60.775,2.9961893258339365,0.3771616285974436,0.7814847914977273,7.888404188832709,0.2534314197765931
1.0,0.1,3,180,13.416407864998739,chaos,8000,80,0.920218253968254,0.5566275670265795,3.8585119047619036,0.18805555555555556,61.2625,2.9745092672596662,0.38644929159501096,0.7742349286178518,9.105539209794811,0.24015438571319975
1.0,0.1,4,180,13.416407864998739,chaos,8000,80,0.9251984126984126,0.561685637772065,3.928690476190476,0.20041666666666663,62.0875,2.952671164286918,0.378930942222068,0.7800102824199073,7.779968498180236,0.2469532900956915
1.0,0.1,5,180,13.416407864998739,chaos,8000,80,0.9271031746031746,0.5715168010871425,3.8587499999999992,0.20479166666666665,62.1125,2.936623671035348,0.37596343532677756,0.7829865139498501,8.24199226345719,0.25293399737001326
1.0,0.1,6,180,13.416407864998739,chaos,8000,80,0.9116666666666667,0.563073739769735,3.7558928571428565,0.18763888888888888,62.4375,2.9166745935451357,0.3678909782604964,0.7973640865283549,7.899072083050967,0.25520248487350494
1.0,0.1,7,180,13.416407864998739,chaos,8000,80,0.943988095238095,0.5719463413641993,3.898174603174602,0.20555555555555555,62.0875,2.946121606951951,0.37716520467203096,0.7923358742783154,7.7837176740041,0.25262340212355977
1.0,0.1,8,180,13.416407864998739,chaos,8000,80,0.9581547619047617,0.6073092388223522,4.137480158730158,0.22347222222222224,59.9875,3.042464651317624,0.3787277646285604,0.7810768110200599,7.998718106291294,0.23136628286563057
1.0,0.1,9,180,13.416407864998739,chaos,8000,80,0.9128174603174601,0.5555952346819605,3.8040079365079356,0.19465277777777779,62.0875,2.942271245537239,0.37551504463281954,0.7780777492885971,8.197607315908286,0.2499805524271843
1.0,0.1,10,180,13.416407864998739,chaos,8000,80,0.9155753968253967,0.5668071001061639,3.8370039682539683,0.19118055555555555,62.0,2.933408114020616,0.37550713785201945,0.7822001297535623,8.057673848224233,0.2367272614177683
1.0,0.1,11,180,13.416407864998739,chaos,8000,80,0.9182142857142856,0.561447899131377,3.773253968253968,0.19409722222222223,61.525,2.961563518864121,0.3760489452623935,0.7882690421476909,7.800945539555846,0.25302096639900185
1.0,0.1,12,180,13.416407864998739,chaos,8000,80,0.931269841269841,0.5890808329043012,3.906349206349206,0.20645833333333333,62.4,2.9221567698383426,0.37565330125654084,0.7880916788513643,7.235675711745867,0.22811047469164336
1.0,0.1,13,180,13.416407864998739,chaos,8000,80,0.9329365079365077,0.5807871649562809,3.9337698412698403,0.1984027777777778,60.8875,2.998260961987257,0.38028834549063284,0.7831514703561544,7.787798954302332,0.24497788808732301
1.0,0.1,14,180,13.416407864998739,chaos,8000,80,0.943531746031746,0.5787771238747317,3.932460317460316,0.20243055555555553,60.6125,3.011521605064508,0.3811124498789817,0.7735233048801997,7.90607746269548,0.2427764642363453
1.0,0.1,15,180,13.416407864998739,chaos,8000,80,0.9440079365079364,0.5638255010950946,3.9121031746031734,0.19548611111111108,60.8,2.996906049110541,0.39066097999393107,0.7752866978259242,8.014629731124863,0.24531892889678414
1.0,0.1,16,180,13.416407864998739,chaos,8000,80,0.9212896825396824,0.5696593441881871,3.8474801587301584,0.1929861111111111,61.5125,2.962397904895094,0.37333778886236896,0.7843964245144899,8.15381211734639,0.2551029544763594
1.0,0.1,17,180,13.416407864998739,chaos,8000,80,0.9294444444444444,0.5946382980980811,3.9790277777777776,0.20833333333333331,62.0875,2.9335515468063713,0.3753104695171819,0.7856871752768573,7.777511014851747,0.26000164148487287
1.0,0.1,18,180,13.416407864998739,chaos,8000,80,0.9277579365079364,0.5766838404741763,3.8999999999999995,0.199375,60.3625,3.025763241313369,0.37430610838887735,0.7902340833059824,8.219213805679162,0.25108918143391534
1.0,0.1,19,180,13.416407864998739,chaos,8000,80,0.9087896825396824,0.5641593083074266,3.830853174603174,0.189375,61.125,2.989927077972944,0.3816119389320283,0.7680359437846225,8.267367679482339,0.25270638000936774
1.0,0.2,0,180,13.416407864998739,chaos,8000,80,0.8941468253968253,0.5462387476450902,3.731984126984126,0.18708333333333332,61.125,2.970650204235534,0.3806173182854725,0.7816152728413306,8.950986841516325,0.2612569278662794
1.0,0.2,1,180,13.416407864998739,chaos,8000,80,0.9387896825396822,0.5658563783738938,3.7956746031746023,0.18638888888888888,62.6875,2.904575172072621,0.3666707153514078,0.7856884630154107,7.646354298732474,0.24366741484545612
1.0,0.2,2,180,13.416407864998739,chaos,8000,80,0.9201785714285713,0.5677370501604468,3.796488095238094,0.1853472222222222,63.45,2.866442123004293,0.3713229781800259,0.7853313154748027,7.758475231494339,0.2712033568136484
1.0,0.2,3,180,13.416407864998739,chaos,8000,80,0.9161507936507934,0.5587131493273704,3.824583333333332,0.18638888888888888,62.6375,2.914896444210009,0.3754372830503315,0.7859183532364297,8.072786360270062,0.2540265221063747
1.0,0.2,4,180,13.416407864998739,chaos,8000,80,0.9377380952380951,0.5764671750136035,3.928829365079364,0.21180555555555552,62.8375,2.8996548434407736,0.3725534226054895,0.7797921195028825,7.883996894423658,0.23592264142146374
1.0,0.2,5,180,13.416407864998739,chaos,8000,80,0.8974404761904762,0.5761780670062789,3.867123015873015,0.20166666666666666,61.2375,2.9827092606212164,0.37654594443176465,0.7771791087641025,8.210794467686027,0.27004443976705933
1.0,0.2,6,180,13.416407864998739,chaos,8000,80,0.9612301587301586,0.5948337692851702,4.094662698412698,0.21479166666666663,59.625,3.061944498620133,0.38342736818726064,0.7806184226206421,7.749715983188463,0.25170063168173523
1.0,0.2,7,180,13.416407864998739,chaos,8000,80,0.9070634920634919,0.5684745098483581,3.8255753968253954,0.19041666666666668,61.4125,2.96145083197014,0.3760102392134851,0.7764787145174095,7.61587442393637,0.23884773137165852
1.0,0.2,8,180,13.416407864998739,chaos,8000,80,0.911924603174603,0.5575983939866257,3.8101388888888885,0.1911111111111111,61.775,2.950887494372805,0.3741597370438486,0.7732497991288614,8.203164115397195,0.2628877540946145
1.0,0.2,9,180,13.416407864998739,chaos,8000,80,0.9426388888888887,0.5750224632619367,3.932837301587301,0.1976388888888889,61.3,2.981027614992666,0.3764796445673093,0.7857208284864251,7.406491660279474,0.22613776970990776
1.0,0.2,10,180,13.416407864998739,chaos,8000,80,0.9529960317460315,0.5914630337297995,4.034404761904762,0.20965277777777774,61.6,2.9563299731446278,0.3845204024923347,0.7793289715993051,8.033013645289541,0.25594781009638934
1.0,0.2,11,180,13.416407864998739,chaos,8000,80,0.9254960317460317,0.5515907952562953,3.8313690476190474,0.19944444444444445,61.5,2.9674981261975177,0.3863821522291767,0.7736698874932925,8.10532273335049,0.24497436977218173
1.0,0.2,13,180,13.416407864998739,chaos,8000,80,0.9303571428571427,0.5717358400327475,3.798571428571428,0.18736111111111112,61.8625,2.946821211493008,0.3814272877365169,0.7747605525953162,7.5778684279074255,0.24703810016051503
1.0,0.2,12,180,13.416407864998739,chaos,8000,80,0.9046626984126982,0.5555297387762221,3.7775595238095234,0.19354166666666667,61.95,2.943658318715717,0.3773482036297576,0.7823656815138864,8.22261443134086,0.25667090766796197
1.0,0.2,14,180,13.416407864998739,chaos,8000,80,0.9374603174603173,0.5809945481487933,3.9726388888888877,0.2071527777777778,61.0625,2.977305428912286,0.38359053064762,0.7834616934490019,8.259255321761433,0.2502943812508323
1.0,0.2,15,180,13.416407864998739,chaos,8000,80,0.9367261904761903,0.5806812601359761,3.9103174603174593,0.20812499999999998,61.125,2.98248818908465,0.38084314825594656,0.7862715849475107,8.09287962425845,0.24346304528388343
1.0,0.2,16,180,13.416407864998739,chaos,8000,80,0.9256746031746029,0.5735083755947962,3.878829365079364,0.20125,61.525,2.9751407544547575,0.38211500383057617,0.7761936710503082,7.962991660962146,0.2517093268423826
1.0,0.2,17,180,13.416407864998739,chaos,8000,80,0.9275396825396823,0.5689434864843872,3.831170634920634,0.2048611111111111,61.1375,2.991588683655641,0.38427369155264496,0.7777057300703408,7.7141961740583955,0.2430107833350778
1.0,0.2,18,180,13.416407864998739,chaos,8000,80,0.9235317460317459,0.5580342161182967,3.8260119047619043,0.19069444444444444,61.6375,2.9606648588718514,0.3831058835364559,0.7748148441292424,8.382303042065093,0.23615595447890675
1.0,0.2,19,180,13.416407864998739,chaos,8000,80,0.9230753968253966,0.5756868958376089,3.896805555555555,0.20055555555555554,61.1125,2.980506522582269,0.3788576397377076,0.7757216660264566,8.204520007536313,0.2595753646887234
1.0,0.4,1,180,13.416407864998739,chaos,8000,80,0.9401587301587302,0.5958067408527751,4.009107142857142,0.21666666666666665,60.0875,3.0239031073593754,0.3758070804221849,0.7895745971383423,8.770363608947926,0.23534482601740275
1.0,0.4,0,180,13.416407864998739,chaos,8000,80,0.9250396825396823,0.5736449158558742,3.960178571428571,0.19756944444444444,61.8875,2.944875154049973,0.38232319967977635,0.773753260072613,8.130819243878646,0.25059203591889395
1.0,0.4,2,180,13.416407864998739,chaos,8000,80,0.9160912698412698,0.5626654625433942,3.7316468253968247,0.1926388888888889,62.25,2.924889932679111,0.37465439481232726,0.7871048714905486,8.857214453220518,0.24812214092554288
1.0,0.4,3,180,13.416407864998739,chaos,8000,80,0.9263095238095238,0.5786740091703825,3.953035714285714,0.20909722222222227,61.825,2.950929981322552,0.3778174321194486,0.7765979145149335,7.892568688960159,0.23779185257930652
1.0,0.4,4,180,13.416407864998739,chaos,8000,80,0.9141071428571428,0.5539027606190363,3.7884722222222216,0.18569444444444444,61.55,2.9593396437843182,0.3750312121899452,0.7750762433953577,8.2993155821252,0.24691640569833076
1.0,0.4,5,180,13.416407864998739,chaos,8000,80,0.9164087301587301,0.5656517492960409,3.845555555555555,0.19243055555555555,62.2375,2.930975412403323,0.3782689414883491,0.7817209953682094,8.382644336985939,0.2662118607137317
1.0,0.4,6,180,13.416407864998739,chaos,8000,80,0.9348214285714282,0.579785010049282,3.9395039682539674,0.195625,62.025,2.944392721761248,0.3773857237726995,0.7747083027191286,8.117987566157769,0.2454786228650805
1.0,0.4,7,180,13.416407864998739,chaos,8000,80,0.9160714285714284,0.5770697868915174,3.809623015873015,0.19215277777777778,63.2625,2.8789968293862307,0.3652547549722843,0.7954147145244834,7.534301683112943,0.25949747913073773
1.0,0.4,8,180,13.416407864998739,chaos,8000,80,0.9253174603174601,0.5614299305313328,3.812579365079364,0.19444444444444448,62.4875,2.9191177999215716,0.37380936484710625,0.7883100259440786,7.598641768639614,0.24190779139756752
1.0,0.4,9,180,13.416407864998739,chaos,8000,80,0.9529365079365079,0.5861376726973477,4.0366269841269835,0.21055555555555555,59.8625,3.042516782609046,0.377728612231867,0.7731444037184705,8.266757293195647,0.24400611175703438
1.0,0.4,10,180,13.416407864998739,chaos,8000,80,0.9088293650793648,0.5666944745259197,3.7892857142857137,0.1897222222222222,61.6125,2.9803991107763768,0.3836449735822557,0.775944879835073,7.813093797056249,0.23886662578469284
1.0,0.4,11,180,13.416407864998739,chaos,8000,80,0.9377579365079363,0.5846534577838094,3.993353174603173,0.21458333333333335,60.975,2.993084743128903,0.3839110908190331,0.7855057773099847,8.242515961004269,0.2412124561320553
1.0,0.4,12,180,13.416407864998739,chaos,8000,80,0.9263095238095236,0.5648418545819175,3.877698412698412,0.20069444444444443,61.5375,2.958260432446959,0.38836640181797116,0.7818419151884155,8.044318516674108,0.23783092384017582
1.0,0.4,13,180,13.416407864998739,chaos,8000,80,0.9255357142857141,0.5627977191397745,3.9464484126984116,0.20472222222222225,61.9375,2.945992074395086,0.38066603348703654,0.7859607875318224,8.381263941285324,0.23442297888425925
1.0,0.4,14,180,13.416407864998739,chaos,8000,80,0.9303968253968253,0.5532266874186333,3.9215873015873,0.1979861111111111,61.75,2.952888437756136,0.38239112214701104,0.7825887600945386,8.777415723968284,0.2460632906203025
1.0,0.4,15,180,13.416407864998739,chaos,8000,80,0.9521031746031745,0.5665776751274911,3.927222222222221,0.2067361111111111,61.2625,2.9798546994328903,0.3820355092326257,0.778279207162003,8.377744569769792,0.24023591030162686
1.0,0.4,17,180,13.416407864998739,chaos,8000,80,0.9304761904761902,0.5800645307293779,3.892202380952381,0.19993055555555556,61.5875,2.9631094358801127,0.3807624472156842,0.7780516950531897,7.867974491615636,0.2506834750939942
1.0,0.4,16,180,13.416407864998739,chaos,8000,80,0.9165873015873014,0.5659401638591431,3.846924603174603,0.19381944444444446,61.8,2.9432624047066893,0.3789216097350144,0.775744731600345,8.070347343136026,0.2383065351129426
1.0,0.4,18,180,13.416407864998739,chaos,8000,80,0.9211507936507936,0.572167517455639,3.9466468253968245,0.20368055555555556,61.5625,2.9626972485659238,0.3825751113947514,0.7814692188240795,8.06686286832439,0.24033679435209931
1.0,0.4,19,180,13.416407864998739,chaos,8000,80,0.9479761904761903,0.5757528369164764,3.9462103174603165,0.20215277777777776,61.55,2.9646263447236736,0.3778967060761266,0.7814517942261016,7.889770715492835,0.251379267338921
1.0,0.8,0,180,13.416407864998739,chaos,8000,80,0.9069642857142857,0.5627236242412178,3.8251785714285704,0.19104166666666664,61.6,2.968448093949841,0.38032879037655964,0.7824577022275736,7.756264612124639,0.24963717061561458
1.0,0.8,1,180,13.416407864998739,chaos,8000,80,0.9072619047619046,0.5577984620557924,3.835654761904761,0.20173611111111106,61.4,2.965453833393698,0.3806711416589533,0.7782014513466494,7.917900814705547,0.2484179059131349
1.0,0.8,2,180,13.416407864998739,chaos,8000,80,0.9091269841269838,0.5351258421250532,3.7418650793650783,0.18034722222222221,62.9625,2.90152269452034,0.38100227544594223,0.7673879705964468,8.026567518296654,0.23657181035355396
1.0,0.8,3,180,13.416407864998739,chaos,8000,80,0.9400198412698412,0.5889793839982758,3.9005952380952373,0.1990972222222222,61.4625,2.9569182683288617,0.37558524716878283,0.778158197643099,7.880302724620952,0.23994976664888634
1.0,0.8,5,180,13.416407864998739,chaos,8000,80,0.9338293650793649,0.5584202634455868,3.851805555555555,0.19784722222222223,62.225,2.9359778818682303,0.3862676020351903,0.7731579601316424,8.01427391496751,0.23934753780556983
1.0,0.8,4,180,13.416407864998739,chaos,8000,80,0.9281150793650792,0.5788276347846876,3.8512103174603167,0.2004861111111111,61.65,2.9598042368526123,0.37026710770635163,0.7914448669710578,8.167094353521934,0.2603937686512795
1.0,0.8,6,180,13.416407864998739,chaos,8000,80,0.9072023809523808,0.5696651809688795,3.8683333333333323,0.20027777777777778,61.325,2.968381748065488,0.3804696491082322,0.7804633755361425,8.136673308825754,0.2298856385339393
1.0,0.8,7,180,13.416407864998739,chaos,8000,80,0.9182936507936507,0.5771541727294447,3.8358333333333325,0.18861111111111112,62.425,2.916584179684895,0.36923876819222745,0.7908964495758224,7.793435937355666,0.25713004573050424
1.0,0.8,8,180,13.416407864998739,chaos,8000,80,0.9253174603174601,0.542144489636299,3.840436507936507,0.18965277777777775,61.6125,2.955309441127297,0.3798599909416479,0.7851714425355409,8.363256753280847,0.24384145121020112
1.0,0.8,9,180,13.416407864998739,chaos,8000,80,0.9447222222222221,0.5708035739279579,3.974662698412698,0.1973611111111111,61.1,2.985255971707429,0.39209024459833985,0.7676356422499889,8.344577782674563,0.22984271000104844
1.0,0.8,10,180,13.416407864998739,chaos,8000,80,0.9233531746031745,0.5642252710498777,3.8585119047619045,0.19763888888888892,62.0125,2.9526611784925167,0.38108342488332636,0.7888582472174861,7.920382965836362,0.23716894883486778
1.0,0.8,11,180,13.416407864998739,chaos,8000,80,0.9561706349206347,0.5733148844191669,3.9088095238095235,0.20201388888888888,62.825,2.8938677068146834,0.36491107823203134,0.7949889587807674,7.973602339292961,0.24735729234053236
1.0,0.8,12,180,13.416407864998739,chaos,8000,80,0.9359920634920634,0.5800270705427574,3.9607341269841263,0.20284722222222218,62.45,2.9166302553309125,0.3664131241319379,0.7919779705522615,8.002785126814967,0.2559688460434238
1.0,0.8,13,180,13.416407864998739,chaos,8000,80,0.936785714285714,0.5629772683439991,3.9199801587301577,0.19395833333333332,62.0375,2.9270869924555405,0.38521289344893483,0.7858992186761213,8.569681278527106,0.2667675108479501
1.0,0.8,14,180,13.416407864998739,chaos,8000,80,0.9372619047619046,0.5799312726959907,3.875892857142857,0.19479166666666664,61.5875,2.9774593669097884,0.3843303822622202,0.7754455097395165,7.976934858302454,0.2547633431632187
1.0,0.8,15,180,13.416407864998739,chaos,8000,80,0.91140873015873,0.5438701220999941,3.7769642857142847,0.18506944444444443,61.025,2.9901909481538533,0.3868752203496488,0.7752682542385094,8.938422965782348,0.25334912430946555
1.0,0.8,16,180,13.416407864998739,chaos,8000,80,0.9013690476190475,0.5567959562335469,3.777916666666666,0.19041666666666665,61.8625,2.947554424801901,0.38230562119022915,0.7811409075027884,8.389889030971986,0.25893987595977314
1.0,0.8,17,180,13.416407864998739,chaos,8000,80,0.9545039682539681,0.5862048729330691,3.930198412698412,0.21236111111111108,62.2125,2.928935731601399,0.37049176070837236,0.7926758233142562,8.104683130701826,0.2540457780377333
1.0,0.8,18,180,13.416407864998739,chaos,8000,80,0.9176388888888887,0.5636515974682067,3.8123214285714275,0.19402777777777777,61.5375,2.9623724448724515,0.3913058866983488,0.7858615908151118,8.289358639377188,0.24434953952309324
1.0,1.2,0,180,13.416407864998739,chaos,8000,80,0.9382142857142854,0.5673999083651019,3.9396626984126977,0.20173611111111112,61.6625,2.962533389871514,0.3745804036407296,0.7824252267004783,8.06161976082141,0.24602851094477857
1.0,0.8,19,180,13.416407864998739,chaos,8000,80,0.9553571428571427,0.5952620305585185,3.962559523809523,0.20749999999999996,62.1125,2.940919393382759,0.37108174487207285,0.7885179658282827,7.606051150717012,0.24551106533873485
1.0,1.2,1,180,13.416407864998739,chaos,8000,80,0.9442063492063489,0.5593268731885865,3.918095238095238,0.19263888888888886,62.0625,2.9427939531287395,0.3679595484571439,0.7840260982012082,8.81726169537922,0.2586621864546565
1.0,1.2,2,180,13.416407864998739,chaos,8000,80,0.9349603174603175,0.5807038529782186,3.905436507936507,0.19777777777777777,61.2375,2.985487164512063,0.3777264349718702,0.7822523638074809,7.611082380582852,0.24768793655624832
1.0,1.2,3,180,13.416407864998739,chaos,8000,80,0.9574603174603172,0.5882165839049815,3.9977777777777765,0.2192361111111111,61.7875,2.951213006121249,0.3774475541887428,0.7914866308792078,8.116902891654181,0.25354213171929235
1.0,1.2,4,180,13.416407864998739,chaos,8000,80,0.9369642857142855,0.568490541915177,3.9359126984126975,0.19701388888888888,62.8,2.927496179996175,0.37372031940968525,0.7920177189697204,7.7231786930141455,0.2516963799279549
1.0,1.2,5,180,13.416407864998739,chaos,8000,80,0.9346825396825394,0.5876723474730638,3.943492063492063,0.20743055555555556,61.6,2.95673832637469,0.372369849919444,0.7821525349615432,7.4272744467142475,0.23198155293904552
1.0,1.2,6,180,13.416407864998739,chaos,8000,80,0.9181547619047616,0.5680478299839746,3.862678571428571,0.2013888888888889,61.6125,2.971691397807963,0.37494022203544597,0.7756392321890166,8.287686926410869,0.24739287045113328
1.0,1.2,7,180,13.416407864998739,chaos,8000,80,0.9149999999999998,0.559304685733449,3.8393452380952375,0.19756944444444446,61.75,2.940507996963139,0.38088357358602937,0.7763614362545309,8.241681690841586,0.27318704298990315
1.0,1.2,8,180,13.416407864998739,chaos,8000,80,0.94281746031746,0.560133645528971,3.812023809523809,0.18986111111111112,63.1625,2.8925242318892352,0.3778074208940621,0.7808896370095614,7.577759089459212,0.2501113260638631
1.0,1.2,9,180,13.416407864998739,chaos,8000,80,0.9331746031746029,0.5749818919214933,3.866666666666666,0.20222222222222222,60.6625,3.014408446465579,0.37711041637383713,0.7786739746533433,7.966824487804216,0.2431399143119266
1.0,1.2,10,180,13.416407864998739,chaos,8000,80,0.9407539682539682,0.5911651887842452,3.9191666666666665,0.20902777777777776,61.975,2.939941505707034,0.3700883427665278,0.7884152602318728,8.050730130029866,0.25425885258953096
1.0,1.2,11,180,13.416407864998739,chaos,8000,80,0.9403373015873013,0.590539736654885,3.96704365079365,0.20645833333333335,60.975,2.9951078272708505,0.3712597424065175,0.781552303726946,7.936163909742044,0.25382015993698986
1.0,1.2,12,180,13.416407864998739,chaos,8000,80,0.9298214285714284,0.5745832085854914,3.8332738095238086,0.20083333333333334,63.275,2.8931529212306706,0.37933683890396536,0.7758728405513701,8.813625712476313,0.25523273293086024
1.0,1.2,13,180,13.416407864998739,chaos,8000,80,0.912579365079365,0.5544898171671067,3.816150793650793,0.19166666666666665,62.525,2.9170180980349434,0.36889112236520116,0.7857547982368818,8.274181093186897,0.25223474397630985
1.0,1.2,14,180,13.416407864998739,chaos,8000,80,0.9259126984126983,0.5731636727927489,3.851746031746031,0.19791666666666666,62.8375,2.8969306350436073,0.36567431974024533,0.7865917197284287,7.921217598672717,0.2585379375883634
1.0,1.2,15,180,13.416407864998739,chaos,8000,80,0.8974801587301586,0.562943548737885,3.78611111111111,0.20659722222222224,61.9,2.9383929592816473,0.3746852052579524,0.7802348099991324,8.002074959599195,0.2423795645637405
1.0,1.2,16,180,13.416407864998739,chaos,8000,80,0.9465476190476189,0.5881289942490329,3.992619047619047,0.2136805555555555,61.35,2.986211092442681,0.3802766446118275,0.7835045221141902,8.406424499905217,0.24553108057326414
1.0,1.2,17,180,13.416407864998739,chaos,8000,80,0.9019642857142856,0.5308012549332091,3.6559325396825395,0.17506944444444444,62.8,2.8975553740272644,0.37268251966767524,0.7785195916032891,8.355421827015968,0.24808029787132427
1.0,1.2,18,180,13.416407864998739,chaos,8000,80,0.9202777777777775,0.5530674809260139,3.7257539682539673,0.18520833333333334,63.1375,2.8865694589094075,0.3707433164051979,0.787475219073787,8.004067141498705,0.25682316266515876
1.0,1.2,19,180,13.416407864998739,chaos,8000,80,0.904563492063492,0.5472132724754626,3.732996031746031,0.18409722222222222,62.7625,2.9051808537108452,0.3748995326681553,0.7778455742190981,7.909560958807222,0.2442571644181971
